[
    {
        "id": 0,
        "text": "what's the word for trees in norway",
        "predictions": [
            "translate",
            "spelling"
        ]
    },
    {
        "id": 1,
        "text": "how would i say what is your name if i were french",
        "predictions": [
            "change_language",
            "translate",
            "what_is_your_name"
        ]
    },
    {
        "id": 2,
        "text": "can i move some money around",
        "predictions": [
            "order_checks",
            "transfer"
        ]
    },
    {
        "id": 3,
        "text": "i need to make a transfer of my money",
        "predictions": [
            "direct_deposit",
            "order_checks",
            "transfer"
        ]
    },
    {
        "id": 4,
        "text": "add funds to the retirement account from the pnc account only",
        "predictions": [
            "freeze_account",
            "direct_deposit",
            "order_checks",
            "transfer"
        ]
    },
    {
        "id": 5,
        "text": "i would like to put 100 dollars from the checking into the savings account now",
        "predictions": [
            "direct_deposit",
            "order_checks",
            "transfer"
        ]
    },
    {
        "id": 6,
        "text": "what does peer-to-peer actually mean",
        "predictions": [
            "no",
            "definition"
        ]
    },
    {
        "id": 7,
        "text": "how to i change the policy on my insurace",
        "predictions": [
            "freeze_account",
            "improve_credit_score",
            "insurance_change",
            "credit_limit_change"
        ]
    },
    {
        "id": 8,
        "text": "i need to sign up for a new allstate plan",
        "predictions": [
            "improve_credit_score",
            "insurance_change",
            "report_fraud",
            "new_card",
            "credit_limit_change"
        ]
    },
    {
        "id": 9,
        "text": "what is the procedure for signing up for a new allstate plan",
        "predictions": [
            "improve_credit_score",
            "insurance_change",
            "new_card",
            "pto_request",
            "credit_limit_change"
        ]
    },
    {
        "id": 10,
        "text": "how do i sign up for a new allstatedplan",
        "predictions": [
            "order",
            "new_card"
        ]
    },
    {
        "id": 11,
        "text": "where the bleep did i put my bleeping phone",
        "predictions": [
            "find_phone",
            "sync_device"
        ]
    },
    {
        "id": 12,
        "text": "how do i get help with a vacation itinerary",
        "predictions": [
            "pto_request",
            "pto_request_status"
        ]
    },
    {
        "id": 13,
        "text": "vacation request information",
        "predictions": [
            "pto_request",
            "pto_request_status"
        ]
    },
    {
        "id": 14,
        "text": "vacation request please",
        "predictions": [
            "pto_request",
            "pto_request_status"
        ]
    },
    {
        "id": 15,
        "text": "how can i contribute to my credit score",
        "predictions": [
            "improve_credit_score",
            "credit_score"
        ]
    },
    {
        "id": 16,
        "text": "i want to know how i can build up a good credit score",
        "predictions": [
            "improve_credit_score",
            "credit_score"
        ]
    },
    {
        "id": 17,
        "text": "\"when the credit score improve",
        "predictions": [
            "improve_credit_score",
            "credit_score"
        ]
    },
    {
        "id": 18,
        "text": "i have a revolving store card and defaulted so will my fico score be affected",
        "predictions": [
            "report_lost_card",
            "improve_credit_score",
            "expiration_date",
            "card_declined",
            "report_fraud",
            "damaged_card",
            "apr"
        ]
    },
    {
        "id": 19,
        "text": "if i lose my job will my credit score go down",
        "predictions": [
            "improve_credit_score",
            "credit_score"
        ]
    },
    {
        "id": 20,
        "text": "will only having five late payments really make my credit bad",
        "predictions": [
            "improve_credit_score",
            "credit_score"
        ]
    },
    {
        "id": 21,
        "text": "i want to learn something about apples",
        "predictions": [
            "recipe",
            "fun_fact"
        ]
    },
    {
        "id": 22,
        "text": "can you tell me the date of my last check",
        "predictions": [
            "transactions",
            "payday"
        ]
    },
    {
        "id": 23,
        "text": "what day will i earn my payment from work",
        "predictions": [
            "bill_due",
            "payday"
        ]
    },
    {
        "id": 24,
        "text": "what day can i expect to receive payment on",
        "predictions": [
            "bill_due",
            "payday"
        ]
    },
    {
        "id": 25,
        "text": "when will my payment be deposited",
        "predictions": [
            "bill_due",
            "payday"
        ]
    },
    {
        "id": 26,
        "text": "can you call the help desk line for my credit card company",
        "predictions": [
            "make_call",
            "routing",
            "find_phone",
            "new_card"
        ]
    },
    {
        "id": 27,
        "text": "what's the phone number for my credit card company",
        "predictions": [
            "make_call",
            "routing",
            "find_phone"
        ]
    },
    {
        "id": 28,
        "text": "what is the shipping status of my replacement card",
        "predictions": [
            "replacement_card_duration",
            "application_status"
        ]
    },
    {
        "id": 29,
        "text": "is my replacement card due to arrive in the mail today",
        "predictions": [
            "replacement_card_duration",
            "application_status"
        ]
    },
    {
        "id": 30,
        "text": "what is the shipping time for my card",
        "predictions": [
            "expiration_date",
            "bill_due",
            "replacement_card_duration",
            "application_status"
        ]
    },
    {
        "id": 31,
        "text": "time to order and receive a new credit card",
        "predictions": [
            "expiration_date",
            "replacement_card_duration",
            "new_card",
            "application_status",
            "order_checks"
        ]
    },
    {
        "id": 32,
        "text": "time to replace my credit card",
        "predictions": [
            "expiration_date",
            "card_declined",
            "damaged_card",
            "replacement_card_duration",
            "application_status"
        ]
    },
    {
        "id": 33,
        "text": "what is the shipping wait for my card",
        "predictions": [
            "bill_due",
            "replacement_card_duration"
        ]
    },
    {
        "id": 34,
        "text": "how soon can i expect a replacement card for my lost card to arrive",
        "predictions": [
            "report_lost_card",
            "damaged_card",
            "replacement_card_duration",
            "application_status"
        ]
    },
    {
        "id": 35,
        "text": "tell time for another city: dallas",
        "predictions": [
            "time",
            "traffic",
            "timer",
            "distance",
            "flight_status",
            "how_busy",
            "next_song"
        ]
    },
    {
        "id": 36,
        "text": "ai answer my questions with my name first which is deb",
        "predictions": [
            "user_name",
            "change_ai_name",
            "what_is_your_name",
            "change_user_name"
        ]
    },
    {
        "id": 37,
        "text": "where were you put together",
        "predictions": [
            "where_are_you_from",
            "who_made_you"
        ]
    },
    {
        "id": 38,
        "text": "what subjects do you like",
        "predictions": [
            "what_are_your_hobbies",
            "what_can_i_ask_you"
        ]
    },
    {
        "id": 39,
        "text": "so what subjects do you like",
        "predictions": [
            "what_are_your_hobbies",
            "what_can_i_ask_you"
        ]
    },
    {
        "id": 40,
        "text": "what are you programmed to do for me",
        "predictions": [
            "user_name",
            "meaning_of_life",
            "insurance",
            "what_is_your_name",
            "who_made_you",
            "what_can_i_ask_you",
            "are_you_a_bot"
        ]
    },
    {
        "id": 41,
        "text": "diy oil change",
        "predictions": [
            "oil_change_how",
            "oil_change_when",
            "schedule_maintenance"
        ]
    },
    {
        "id": 42,
        "text": "i'd like to make a reservation at rooth chris, can you do that",
        "predictions": [
            "accept_reservations",
            "restaurant_reservation"
        ]
    },
    {
        "id": 43,
        "text": "what are my coffers at",
        "predictions": [
            "bill_balance",
            "balance",
            "spending_history",
            "income"
        ]
    },
    {
        "id": 44,
        "text": "is there enough in my wells fargo account to buy some nike's",
        "predictions": [
            "bill_balance",
            "balance",
            "order_checks"
        ]
    },
    {
        "id": 45,
        "text": "do i have enough in my wells fargo account to get some nike's",
        "predictions": [
            "balance",
            "order_checks"
        ]
    },
    {
        "id": 46,
        "text": "i want some nike's, is there enough in my wells fargo account",
        "predictions": [
            "bill_balance",
            "balance",
            "order_checks"
        ]
    },
    {
        "id": 47,
        "text": "how much dough do i have in my bank accounts",
        "predictions": [
            "bill_balance",
            "balance"
        ]
    },
    {
        "id": 48,
        "text": "what the numerical number inside my bank accounts",
        "predictions": [
            "bill_balance",
            "balance",
            "credit_limit"
        ]
    },
    {
        "id": 49,
        "text": "are there reservation for joe and will",
        "predictions": [
            "accept_reservations",
            "restaurant_reservation",
            "confirm_reservation"
        ]
    },
    {
        "id": 50,
        "text": "block my bank of america immdediately",
        "predictions": [
            "account_blocked",
            "freeze_account"
        ]
    },
    {
        "id": 51,
        "text": "how do i freeze my bank account",
        "predictions": [
            "account_blocked",
            "freeze_account"
        ]
    },
    {
        "id": 52,
        "text": "what's the mileage to get the the taj mahal in atlantic city",
        "predictions": [
            "traffic",
            "directions",
            "distance"
        ]
    },
    {
        "id": 53,
        "text": "how much time is left until we get there",
        "predictions": [
            "distance",
            "gas"
        ]
    },
    {
        "id": 54,
        "text": "when will i arrive at hy-vee",
        "predictions": [
            "distance",
            "flight_status"
        ]
    },
    {
        "id": 55,
        "text": "give me an eta on when i will arrive at my destination",
        "predictions": [
            "distance",
            "flight_status"
        ]
    },
    {
        "id": 56,
        "text": "when will i get to orlando",
        "predictions": [
            "distance",
            "flight_status"
        ]
    },
    {
        "id": 57,
        "text": "i dont want to listen to this song",
        "predictions": [
            "what_song",
            "play_music",
            "next_song"
        ]
    },
    {
        "id": 58,
        "text": "when did i last make a purchase",
        "predictions": [
            "last_maintenance",
            "shopping_list",
            "bill_due",
            "transactions",
            "payday",
            "order_status"
        ]
    },
    {
        "id": 59,
        "text": "how much did i spend on my most recent transaction",
        "predictions": [
            "balance",
            "transactions",
            "spending_history",
            "payday"
        ]
    },
    {
        "id": 60,
        "text": "i made a transaction recently",
        "predictions": [
            "transactions",
            "report_fraud"
        ]
    },
    {
        "id": 61,
        "text": "is my visa bill over my limit this month",
        "predictions": [
            "bill_balance",
            "credit_limit",
            "bill_due",
            "payday",
            "pto_request_status",
            "pay_bill",
            "min_payment"
        ]
    },
    {
        "id": 62,
        "text": "how much have i spent on my bank card sine i last paid my bill",
        "predictions": [
            "bill_balance",
            "balance",
            "last_maintenance",
            "bill_due",
            "transactions",
            "spending_history",
            "payday"
        ]
    },
    {
        "id": 63,
        "text": "please give me the name of a few good options for places to eat dinner tonight",
        "predictions": [
            "meal_suggestion",
            "restaurant_suggestion"
        ]
    },
    {
        "id": 64,
        "text": "i need some suggestions for dinner places tonight",
        "predictions": [
            "meal_suggestion",
            "restaurant_suggestion"
        ]
    },
    {
        "id": 65,
        "text": "where can i get some good food",
        "predictions": [
            "meal_suggestion",
            "restaurant_suggestion"
        ]
    },
    {
        "id": 66,
        "text": "what's the food can easily get in canada",
        "predictions": [
            "restaurant_reviews",
            "meal_suggestion",
            "restaurant_suggestion",
            "travel_suggestion"
        ]
    },
    {
        "id": 67,
        "text": "give me restaurant reccomendations",
        "predictions": [
            "restaurant_reviews",
            "accept_reservations",
            "how_busy",
            "restaurant_suggestion"
        ]
    },
    {
        "id": 68,
        "text": "x card has earned how many points",
        "predictions": [
            "redeem_rewards",
            "rewards_balance"
        ]
    },
    {
        "id": 69,
        "text": "can you give me a points update on my rewards plus card",
        "predictions": [
            "redeem_rewards",
            "rewards_balance"
        ]
    },
    {
        "id": 70,
        "text": "can you pull up how many points i've earned with travel card",
        "predictions": [
            "redeem_rewards",
            "rewards_balance"
        ]
    },
    {
        "id": 71,
        "text": "what is the updated points that i earned with synovus card",
        "predictions": [
            "redeem_rewards",
            "rewards_balance"
        ]
    },
    {
        "id": 72,
        "text": "how many points do i have on my six flags rewards card",
        "predictions": [
            "redeem_rewards",
            "rewards_balance"
        ]
    },
    {
        "id": 73,
        "text": "i gotta know how many points i have gotten with my debit card",
        "predictions": [
            "redeem_rewards",
            "rewards_balance"
        ]
    },
    {
        "id": 74,
        "text": "how many points have i earned with my paypal credit card so far",
        "predictions": [
            "redeem_rewards",
            "rewards_balance"
        ]
    },
    {
        "id": 75,
        "text": "what do my visa points look like",
        "predictions": [
            "redeem_rewards",
            "rewards_balance"
        ]
    },
    {
        "id": 76,
        "text": "tell me the number of points on my visa card",
        "predictions": [
            "redeem_rewards",
            "credit_limit",
            "rewards_balance"
        ]
    },
    {
        "id": 77,
        "text": "give me the point total on my visa card",
        "predictions": [
            "redeem_rewards",
            "credit_limit",
            "rewards_balance"
        ]
    },
    {
        "id": 78,
        "text": "i have a car payment that needs to be paid",
        "predictions": [
            "bill_balance",
            "pay_bill",
            "min_payment"
        ]
    },
    {
        "id": 79,
        "text": "i need to put in a payment towards my phone bill",
        "predictions": [
            "bill_balance",
            "direct_deposit",
            "pay_bill",
            "min_payment"
        ]
    },
    {
        "id": 80,
        "text": "how do i pay my electric bill",
        "predictions": [
            "bill_balance",
            "pay_bill",
            "min_payment"
        ]
    },
    {
        "id": 81,
        "text": "charge my internet bill to the corporate account",
        "predictions": [
            "bill_balance",
            "pay_bill"
        ]
    },
    {
        "id": 82,
        "text": "today my electric bill will be paid, or should be",
        "predictions": [
            "bill_balance",
            "bill_due",
            "payday",
            "pay_bill",
            "min_payment"
        ]
    },
    {
        "id": 83,
        "text": "today is the day i should pay my electric bill",
        "predictions": [
            "bill_due",
            "pay_bill"
        ]
    },
    {
        "id": 84,
        "text": "my electric bill should be paid today",
        "predictions": [
            "bill_balance",
            "bill_due",
            "pay_bill",
            "min_payment"
        ]
    },
    {
        "id": 85,
        "text": "i'd like to pay $4735 to my water bill",
        "predictions": [
            "bill_balance",
            "pay_bill",
            "min_payment"
        ]
    },
    {
        "id": 86,
        "text": "how much fast food have i bought recently",
        "predictions": [
            "last_maintenance",
            "shopping_list",
            "food_last",
            "transactions",
            "spending_history",
            "calories"
        ]
    },
    {
        "id": 87,
        "text": "have i gone over my entertainment budget",
        "predictions": [
            "bill_balance",
            "credit_limit",
            "spending_history",
            "insurance",
            "income"
        ]
    },
    {
        "id": 88,
        "text": "do i overspend when it comes to fast food",
        "predictions": [
            "bill_balance",
            "balance",
            "spending_history",
            "income",
            "calories"
        ]
    },
    {
        "id": 89,
        "text": "tell me how much i have been buying as of late",
        "predictions": [
            "balance",
            "transactions",
            "spending_history",
            "payday",
            "income"
        ]
    },
    {
        "id": 90,
        "text": "did i stick to my dinner budget",
        "predictions": [
            "bill_balance",
            "balance",
            "food_last",
            "spending_history",
            "income"
        ]
    },
    {
        "id": 91,
        "text": "what are my finances like lately",
        "predictions": [
            "bill_balance",
            "balance",
            "transactions",
            "spending_history",
            "insurance",
            "payday",
            "income"
        ]
    },
    {
        "id": 92,
        "text": "is vacation a go",
        "predictions": [
            "pto_request",
            "pto_request_status"
        ]
    },
    {
        "id": 93,
        "text": "how is my vacation looking",
        "predictions": [
            "greeting",
            "pto_request_status"
        ]
    },
    {
        "id": 94,
        "text": "any new info on my vacation",
        "predictions": [
            "pto_request",
            "pto_request_status",
            "pto_balance"
        ]
    },
    {
        "id": 95,
        "text": "when will my vacation time be confirmed",
        "predictions": [
            "pto_request_status",
            "next_holiday"
        ]
    },
    {
        "id": 96,
        "text": "when will i hear back about my days off",
        "predictions": [
            "pto_request_status",
            "pto_balance",
            "next_holiday"
        ]
    },
    {
        "id": 97,
        "text": "am i okay to take those vacation days",
        "predictions": [
            "pto_request",
            "pto_request_status"
        ]
    },
    {
        "id": 98,
        "text": "i'm trying to raise my credit score can you tell me what it is now",
        "predictions": [
            "improve_credit_score",
            "credit_score"
        ]
    },
    {
        "id": 99,
        "text": "am i eligible for a new credit card",
        "predictions": [
            "new_card",
            "credit_limit_change"
        ]
    },
    {
        "id": 100,
        "text": "how do i apply do get myself a visa",
        "predictions": [
            "international_visa",
            "new_card"
        ]
    },
    {
        "id": 101,
        "text": "find out if there's a new credit card that suits me",
        "predictions": [
            "credit_limit",
            "expiration_date",
            "new_card",
            "credit_limit_change",
            "apr"
        ]
    },
    {
        "id": 102,
        "text": "what's it take to get a mastercard",
        "predictions": [
            "credit_limit",
            "new_card",
            "application_status",
            "credit_limit_change",
            "apr"
        ]
    },
    {
        "id": 103,
        "text": "sorry i missed that",
        "predictions": [
            "repeat",
            "goodbye",
            "thank_you"
        ]
    },
    {
        "id": 104,
        "text": "where can i find information on oil changes for my car",
        "predictions": [
            "oil_change_how",
            "oil_change_when"
        ]
    },
    {
        "id": 105,
        "text": "what's my oil change status",
        "predictions": [
            "last_maintenance",
            "oil_change_when",
            "schedule_maintenance"
        ]
    },
    {
        "id": 106,
        "text": "roger that",
        "predictions": [
            "yes",
            "goodbye",
            "thank_you"
        ]
    },
    {
        "id": 107,
        "text": "please let's do it",
        "predictions": [
            "repeat",
            "no",
            "flip_coin",
            "yes",
            "goodbye",
            "maybe"
        ]
    },
    {
        "id": 108,
        "text": "10-4",
        "predictions": [
            "no",
            "yes"
        ]
    },
    {
        "id": 109,
        "text": "ya",
        "predictions": [
            "no",
            "greeting",
            "yes",
            "goodbye",
            "maybe",
            "thank_you"
        ]
    },
    {
        "id": 110,
        "text": "help me plan my traveling itinerary for my trip to madrid, i want to see lots of sights!",
        "predictions": [
            "book_flight",
            "travel_suggestion"
        ]
    },
    {
        "id": 111,
        "text": "help me pick a new location to travel to",
        "predictions": [
            "book_hotel",
            "travel_suggestion"
        ]
    },
    {
        "id": 112,
        "text": "i want to explore a new place but don't know where i should go do you have any ideas",
        "predictions": [
            "restaurant_suggestion",
            "travel_suggestion"
        ]
    },
    {
        "id": 113,
        "text": "cross off grocery shopping from todo list",
        "predictions": [
            "todo_list",
            "todo_list_update"
        ]
    },
    {
        "id": 114,
        "text": "did i tell you to remind me about laundry",
        "predictions": [
            "todo_list",
            "reminder"
        ]
    },
    {
        "id": 115,
        "text": "what kinds of things are you supposed to remind me of",
        "predictions": [
            "reminder_update",
            "reminder"
        ]
    },
    {
        "id": 116,
        "text": "can you tell me the to do's on my reminder list",
        "predictions": [
            "todo_list",
            "reminder"
        ]
    },
    {
        "id": 117,
        "text": "can you please remind me of the items that i made note of to not forget",
        "predictions": [
            "order",
            "shopping_list",
            "todo_list",
            "reminder_update",
            "todo_list_update",
            "reminder",
            "shopping_list_update"
        ]
    },
    {
        "id": 118,
        "text": "can i change your talking voice",
        "predictions": [
            "whisper_mode",
            "change_language",
            "change_accent",
            "change_speed"
        ]
    },
    {
        "id": 119,
        "text": "you talk to slow",
        "predictions": [
            "whisper_mode",
            "change_speed"
        ]
    },
    {
        "id": 120,
        "text": "what is my apr rate",
        "predictions": [
            "interest_rate",
            "credit_limit",
            "credit_score",
            "w2",
            "apr"
        ]
    },
    {
        "id": 121,
        "text": "is my apr rate above average",
        "predictions": [
            "credit_score",
            "apr"
        ]
    },
    {
        "id": 122,
        "text": "is my apr rate better than most",
        "predictions": [
            "credit_score",
            "apr"
        ]
    },
    {
        "id": 123,
        "text": "how much am i paying for apr on my credit card",
        "predictions": [
            "credit_limit",
            "apr"
        ]
    },
    {
        "id": 124,
        "text": "what's my apr rate",
        "predictions": [
            "credit_score",
            "apr"
        ]
    },
    {
        "id": 125,
        "text": "tell me my apr rate",
        "predictions": [
            "interest_rate",
            "credit_limit",
            "credit_score",
            "payday",
            "w2",
            "apr"
        ]
    },
    {
        "id": 126,
        "text": "is my meeting with frank on my calendar",
        "predictions": [
            "meeting_schedule",
            "calendar"
        ]
    },
    {
        "id": 127,
        "text": "is the marathon on friday added to my calendar",
        "predictions": [
            "calendar",
            "calendar_update"
        ]
    },
    {
        "id": 128,
        "text": "on tuesday you are supposed to have a meeting",
        "predictions": [
            "schedule_meeting",
            "meeting_schedule"
        ]
    },
    {
        "id": 129,
        "text": "what is the current day",
        "predictions": [
            "time",
            "date"
        ]
    },
    {
        "id": 130,
        "text": "what are the rules for traveling with toothpaste",
        "predictions": [
            "accept_reservations",
            "vaccines",
            "international_visa",
            "carry_on",
            "plug_type",
            "travel_alert",
            "international_fees"
        ]
    },
    {
        "id": 131,
        "text": "i need to know how many days i toof off",
        "predictions": [
            "pto_balance",
            "pto_used"
        ]
    },
    {
        "id": 132,
        "text": "how much pto is gone",
        "predictions": [
            "pto_balance",
            "pto_used"
        ]
    },
    {
        "id": 133,
        "text": "how much of my pto is gone",
        "predictions": [
            "pto_balance",
            "pto_used"
        ]
    },
    {
        "id": 134,
        "text": "should i schedule a car maintenance",
        "predictions": [
            "oil_change_when",
            "schedule_maintenance"
        ]
    },
    {
        "id": 135,
        "text": "should i go to a car maintenance",
        "predictions": [
            "last_maintenance",
            "tire_change",
            "oil_change_when",
            "schedule_maintenance"
        ]
    },
    {
        "id": 136,
        "text": "should i take my car to a maintenance",
        "predictions": [
            "last_maintenance",
            "tire_change",
            "oil_change_when",
            "schedule_maintenance"
        ]
    },
    {
        "id": 137,
        "text": "tell my bank's fraud department i'm going to mexico",
        "predictions": [
            "vaccines",
            "report_fraud",
            "rollover_401k",
            "travel_notification"
        ]
    },
    {
        "id": 138,
        "text": "send a notification to my bank of my travel dates from february 19th to 26th to peru",
        "predictions": [
            "travel_alert",
            "travel_notification"
        ]
    },
    {
        "id": 139,
        "text": "contact bank and let them know about my travel plans",
        "predictions": [
            "travel_alert",
            "travel_notification"
        ]
    },
    {
        "id": 140,
        "text": "connect to my device",
        "predictions": [
            "whisper_mode",
            "reset_settings",
            "sync_device"
        ]
    },
    {
        "id": 141,
        "text": "unsync yourself from my device",
        "predictions": [
            "whisper_mode",
            "reset_settings",
            "sync_device",
            "cancel"
        ]
    },
    {
        "id": 142,
        "text": "disconnect from my device please",
        "predictions": [
            "reset_settings",
            "sync_device"
        ]
    },
    {
        "id": 143,
        "text": "ai is a helpful item to have in my home, thank you",
        "predictions": [
            "todo_list",
            "todo_list_update",
            "goodbye",
            "thank_you"
        ]
    },
    {
        "id": 144,
        "text": "how many days milk can be preserved",
        "predictions": [
            "food_last",
            "cook_time"
        ]
    },
    {
        "id": 145,
        "text": "when is the milk date before used",
        "predictions": [
            "last_maintenance",
            "food_last",
            "transactions",
            "spending_history",
            "payday",
            "pto_used"
        ]
    },
    {
        "id": 146,
        "text": "what is the expiration date for those eg",
        "predictions": [
            "expiration_date",
            "food_last",
            "bill_due"
        ]
    },
    {
        "id": 147,
        "text": "how long can i freeze tofu before it goes bad",
        "predictions": [
            "food_last",
            "cook_time"
        ]
    },
    {
        "id": 148,
        "text": "what is the most time i can keep a burrito frozen for before it's no good to eat",
        "predictions": [
            "food_last",
            "cook_time"
        ]
    },
    {
        "id": 149,
        "text": "what is the amount of time to keep milk refrigerated",
        "predictions": [
            "food_last",
            "cook_time",
            "oil_change_when"
        ]
    },
    {
        "id": 150,
        "text": "how many minutes should i set an alarm for this bake",
        "predictions": [
            "smart_home",
            "timer",
            "alarm",
            "cook_time",
            "how_busy",
            "plug_type"
        ]
    },
    {
        "id": 151,
        "text": "when can i expect meal of salmon to be finished",
        "predictions": [
            "meal_suggestion",
            "food_last",
            "cook_time",
            "how_busy",
            "ingredients_list"
        ]
    },
    {
        "id": 152,
        "text": "don't forget to tell me to call my mother",
        "predictions": [
            "whisper_mode",
            "make_call",
            "text",
            "reminder_update",
            "sync_device"
        ]
    },
    {
        "id": 153,
        "text": "create a reminder to change my oil",
        "predictions": [
            "reminder_update",
            "schedule_maintenance"
        ]
    },
    {
        "id": 154,
        "text": "i don't want to forget to call mom",
        "predictions": [
            "make_call",
            "text",
            "reminder_update",
            "alarm",
            "sync_device"
        ]
    },
    {
        "id": 155,
        "text": "help me to remember to pick up stan later",
        "predictions": [
            "uber",
            "reminder_update"
        ]
    },
    {
        "id": 156,
        "text": "can you set a reminder alarm for me to workout",
        "predictions": [
            "reminder_update",
            "alarm"
        ]
    },
    {
        "id": 157,
        "text": "someone used my chase card without my authorization",
        "predictions": [
            "report_lost_card",
            "card_declined",
            "report_fraud"
        ]
    },
    {
        "id": 158,
        "text": "my bank of america visa platinum was swiped from my belongings",
        "predictions": [
            "redeem_rewards",
            "report_lost_card",
            "balance",
            "card_declined",
            "report_fraud",
            "lost_luggage",
            "order_checks"
        ]
    },
    {
        "id": 159,
        "text": "my capital one visa was taken without permission",
        "predictions": [
            "report_lost_card",
            "card_declined",
            "report_fraud",
            "damaged_card",
            "apr"
        ]
    },
    {
        "id": 160,
        "text": "i need to report that someone ran off with my td bank card earlier",
        "predictions": [
            "report_lost_card",
            "card_declined",
            "report_fraud",
            "damaged_card"
        ]
    },
    {
        "id": 161,
        "text": "lost report card, need new one",
        "predictions": [
            "report_lost_card",
            "damaged_card"
        ]
    },
    {
        "id": 162,
        "text": "is it okay to use applesauce instead of oil",
        "predictions": [
            "oil_change_how",
            "ingredient_substitution"
        ]
    },
    {
        "id": 163,
        "text": "if i use applesauce instead of oil, will that mess it up",
        "predictions": [
            "oil_change_how",
            "gas_type",
            "oil_change_when",
            "ingredient_substitution"
        ]
    },
    {
        "id": 164,
        "text": "can i swap applesauce for oil",
        "predictions": [
            "oil_change_how",
            "oil_change_when",
            "ingredient_substitution"
        ]
    },
    {
        "id": 165,
        "text": "is it alright to switch applesauce for oil",
        "predictions": [
            "oil_change_how",
            "oil_change_when",
            "ingredient_substitution"
        ]
    },
    {
        "id": 166,
        "text": "will it still work if i use applesauce instead of oil",
        "predictions": [
            "oil_change_how",
            "gas_type",
            "oil_change_when",
            "ingredient_substitution"
        ]
    },
    {
        "id": 167,
        "text": "is it ok to use oil spray instead of canola oil",
        "predictions": [
            "oil_change_how",
            "ingredient_substitution"
        ]
    },
    {
        "id": 168,
        "text": "computer, place a call to alexa",
        "predictions": [
            "make_call",
            "change_ai_name"
        ]
    },
    {
        "id": 169,
        "text": "i have to use the phone to make a call",
        "predictions": [
            "make_call",
            "sync_device"
        ]
    },
    {
        "id": 170,
        "text": "have i told you to add washing dishes to my todo list",
        "predictions": [
            "todo_list",
            "todo_list_update"
        ]
    },
    {
        "id": 171,
        "text": "what's the latest i can pay my cellular bill",
        "predictions": [
            "bill_balance",
            "bill_due",
            "pay_bill",
            "min_payment"
        ]
    },
    {
        "id": 172,
        "text": "what's the due date for my netflix subscription",
        "predictions": [
            "expiration_date",
            "bill_due",
            "payday"
        ]
    },
    {
        "id": 173,
        "text": "when is my cell phone due",
        "predictions": [
            "find_phone",
            "sync_device"
        ]
    },
    {
        "id": 174,
        "text": "tell me the last day i can pay my gas bill",
        "predictions": [
            "bill_due",
            "payday"
        ]
    },
    {
        "id": 175,
        "text": "is the bill due today",
        "predictions": [
            "bill_balance",
            "bill_due"
        ]
    },
    {
        "id": 176,
        "text": "is the bill due",
        "predictions": [
            "bill_balance",
            "bill_due",
            "pay_bill"
        ]
    },
    {
        "id": 177,
        "text": "i need to know the next billing date of my american express card",
        "predictions": [
            "expiration_date",
            "bill_due",
            "payday",
            "replacement_card_duration"
        ]
    },
    {
        "id": 178,
        "text": "when is next month's cable bill due",
        "predictions": [
            "bill_due",
            "payday"
        ]
    },
    {
        "id": 179,
        "text": "the intake of calories it it bad",
        "predictions": [
            "nutrition_info",
            "calories"
        ]
    },
    {
        "id": 180,
        "text": "what do i do about a card that's too messed up to be properly scanned",
        "predictions": [
            "report_lost_card",
            "jump_start",
            "expiration_date",
            "card_declined",
            "damaged_card",
            "replacement_card_duration",
            "application_status"
        ]
    },
    {
        "id": 181,
        "text": "what do i do with a damaged credit card",
        "predictions": [
            "report_lost_card",
            "damaged_card"
        ]
    },
    {
        "id": 182,
        "text": "i have a card that needs replaced because my wine dumped wine on it",
        "predictions": [
            "card_declined",
            "damaged_card"
        ]
    },
    {
        "id": 183,
        "text": "my dog swallowed my credit card and i need a new one",
        "predictions": [
            "card_declined",
            "damaged_card"
        ]
    },
    {
        "id": 184,
        "text": "i'm unable to use my card because it's been ruined",
        "predictions": [
            "report_lost_card",
            "expiration_date",
            "card_declined",
            "damaged_card"
        ]
    },
    {
        "id": 185,
        "text": "i can't use my card because it\u2019s messed up",
        "predictions": [
            "report_lost_card",
            "expiration_date",
            "card_declined",
            "damaged_card"
        ]
    },
    {
        "id": 186,
        "text": "i can't use my card because it\u2019s broken",
        "predictions": [
            "card_declined",
            "damaged_card"
        ]
    },
    {
        "id": 187,
        "text": "i can't use my card because i damaged it",
        "predictions": [
            "card_declined",
            "damaged_card"
        ]
    },
    {
        "id": 188,
        "text": "i accidentally deactivated the magnetic stripe on my visa debit card and i need to report it",
        "predictions": [
            "card_declined",
            "damaged_card"
        ]
    },
    {
        "id": 189,
        "text": "my visa has been damaged",
        "predictions": [
            "report_lost_card",
            "expiration_date",
            "card_declined",
            "report_fraud",
            "damaged_card"
        ]
    },
    {
        "id": 190,
        "text": "do they serve good tacos at the buffet",
        "predictions": [
            "restaurant_reviews",
            "accept_reservations",
            "meal_suggestion",
            "how_busy",
            "calories",
            "restaurant_suggestion"
        ]
    },
    {
        "id": 191,
        "text": "what are people saying about chick-fil-a's chicken nuggets",
        "predictions": [
            "restaurant_reviews",
            "nutrition_info",
            "recipe"
        ]
    },
    {
        "id": 192,
        "text": "can you reserve a room for a friday meeting at 5pm",
        "predictions": [
            "schedule_meeting",
            "restaurant_reservation"
        ]
    },
    {
        "id": 193,
        "text": "how many miles are my tires rated for",
        "predictions": [
            "tire_change",
            "tire_pressure"
        ]
    },
    {
        "id": 194,
        "text": "what's the exhange rate between mxn and gbp",
        "predictions": [
            "measurement_conversion",
            "exchange_rate"
        ]
    },
    {
        "id": 195,
        "text": "how many days left until the next day out of work",
        "predictions": [
            "pto_balance",
            "next_holiday"
        ]
    },
    {
        "id": 196,
        "text": "turn volume up to 4",
        "predictions": [
            "whisper_mode",
            "change_volume"
        ]
    },
    {
        "id": 197,
        "text": "not so loud",
        "predictions": [
            "smart_home",
            "whisper_mode",
            "change_volume"
        ]
    },
    {
        "id": 198,
        "text": "quieter please",
        "predictions": [
            "whisper_mode",
            "cancel",
            "change_volume"
        ]
    },
    {
        "id": 199,
        "text": "turn up the volume",
        "predictions": [
            "whisper_mode",
            "change_volume"
        ]
    },
    {
        "id": 200,
        "text": "please lower your volume",
        "predictions": [
            "whisper_mode",
            "change_volume"
        ]
    },
    {
        "id": 201,
        "text": "volume 4 set",
        "predictions": [
            "whisper_mode",
            "change_volume"
        ]
    },
    {
        "id": 202,
        "text": "i can't hear you and need you to turn up the volume",
        "predictions": [
            "whisper_mode",
            "change_volume"
        ]
    },
    {
        "id": 203,
        "text": "turn up your speaker volume",
        "predictions": [
            "whisper_mode",
            "change_volume"
        ]
    },
    {
        "id": 204,
        "text": "does someone else control you",
        "predictions": [
            "who_do_you_work_for",
            "who_made_you",
            "are_you_a_bot"
        ]
    },
    {
        "id": 205,
        "text": "do i own you",
        "predictions": [
            "do_you_have_pets",
            "who_do_you_work_for",
            "what_is_your_name",
            "who_made_you",
            "are_you_a_bot"
        ]
    },
    {
        "id": 206,
        "text": "do you take your orders from me",
        "predictions": [
            "who_do_you_work_for",
            "order_status",
            "who_made_you",
            "what_can_i_ask_you"
        ]
    },
    {
        "id": 207,
        "text": "do i control you",
        "predictions": [
            "do_you_have_pets",
            "change_accent",
            "who_do_you_work_for",
            "what_is_your_name",
            "who_made_you",
            "are_you_a_bot"
        ]
    },
    {
        "id": 208,
        "text": "am i in charge of you",
        "predictions": [
            "who_do_you_work_for",
            "what_is_your_name",
            "who_made_you",
            "are_you_a_bot"
        ]
    },
    {
        "id": 209,
        "text": "is there another person that controls you",
        "predictions": [
            "who_do_you_work_for",
            "who_made_you",
            "are_you_a_bot"
        ]
    },
    {
        "id": 210,
        "text": "who controls you",
        "predictions": [
            "who_do_you_work_for",
            "who_made_you",
            "are_you_a_bot"
        ]
    },
    {
        "id": 211,
        "text": "what's the most i can charge on my card",
        "predictions": [
            "bill_balance",
            "credit_limit",
            "international_fees",
            "min_payment"
        ]
    },
    {
        "id": 212,
        "text": "how much do i have available on my visa card",
        "predictions": [
            "credit_limit",
            "apr"
        ]
    },
    {
        "id": 213,
        "text": "how much of a credit limit does visa allow",
        "predictions": [
            "credit_limit",
            "credit_limit_change"
        ]
    },
    {
        "id": 214,
        "text": "as my visa got a high enough limit on it",
        "predictions": [
            "credit_limit",
            "credit_limit_change"
        ]
    },
    {
        "id": 215,
        "text": "how much credit do i have on my discover card",
        "predictions": [
            "credit_limit",
            "apr"
        ]
    },
    {
        "id": 216,
        "text": "is there a spending limit",
        "predictions": [
            "credit_limit",
            "credit_limit_change"
        ]
    },
    {
        "id": 217,
        "text": "how much can i use on my visa",
        "predictions": [
            "credit_limit",
            "rewards_balance"
        ]
    },
    {
        "id": 218,
        "text": "is the friday's full after 4",
        "predictions": [
            "time",
            "weather",
            "how_busy"
        ]
    },
    {
        "id": 219,
        "text": "can i reserve tables at the new york restaurant",
        "predictions": [
            "accept_reservations",
            "restaurant_reservation"
        ]
    },
    {
        "id": 220,
        "text": "is it possible to reserve a table at white castle",
        "predictions": [
            "accept_reservations",
            "restaurant_reservation"
        ]
    },
    {
        "id": 221,
        "text": "do you think they'll let me reserve a table at the olive garden",
        "predictions": [
            "accept_reservations",
            "restaurant_reservation",
            "confirm_reservation",
            "how_busy"
        ]
    },
    {
        "id": 222,
        "text": "eleven madison park takes reservations right",
        "predictions": [
            "accept_reservations",
            "restaurant_reservation"
        ]
    },
    {
        "id": 223,
        "text": "could you track an order for me",
        "predictions": [
            "order",
            "order_status"
        ]
    },
    {
        "id": 224,
        "text": "can you tell me when my item will get here",
        "predictions": [
            "shopping_list",
            "food_last",
            "bill_due",
            "transactions",
            "flight_status",
            "order_status",
            "lost_luggage"
        ]
    },
    {
        "id": 225,
        "text": "i would like to change the name on my checking account",
        "predictions": [
            "change_ai_name",
            "change_user_name"
        ]
    },
    {
        "id": 226,
        "text": "i would like to change the name on my credit card account",
        "predictions": [
            "change_ai_name",
            "change_user_name"
        ]
    },
    {
        "id": 227,
        "text": "i would like to change the name on my first hawaiian bank account",
        "predictions": [
            "change_ai_name",
            "change_user_name"
        ]
    },
    {
        "id": 228,
        "text": "i would like to change the name on my first bankcard account",
        "predictions": [
            "change_ai_name",
            "change_user_name"
        ]
    },
    {
        "id": 229,
        "text": "i would like to change the name on my capital one account",
        "predictions": [
            "change_ai_name",
            "change_user_name"
        ]
    },
    {
        "id": 230,
        "text": "great talk, thanks",
        "predictions": [
            "goodbye",
            "thank_you"
        ]
    },
    {
        "id": 231,
        "text": "that's all i need, i'm going now",
        "predictions": [
            "yes",
            "goodbye",
            "thank_you"
        ]
    },
    {
        "id": 232,
        "text": "thanks for your help, goodbye!",
        "predictions": [
            "goodbye",
            "thank_you"
        ]
    },
    {
        "id": 233,
        "text": "signing off",
        "predictions": [
            "repeat",
            "goodbye",
            "cancel"
        ]
    },
    {
        "id": 234,
        "text": "how do i unlock my bank account",
        "predictions": [
            "account_blocked",
            "freeze_account"
        ]
    },
    {
        "id": 235,
        "text": "can you unlock my bank account",
        "predictions": [
            "account_blocked",
            "freeze_account",
            "transfer"
        ]
    },
    {
        "id": 236,
        "text": "can you help me unlock my bank account",
        "predictions": [
            "account_blocked",
            "freeze_account",
            "transfer"
        ]
    },
    {
        "id": 237,
        "text": "call my bank and ask them why my account is frozen",
        "predictions": [
            "account_blocked",
            "freeze_account"
        ]
    },
    {
        "id": 238,
        "text": "check with my bank to see why my account is frozen",
        "predictions": [
            "account_blocked",
            "freeze_account"
        ]
    },
    {
        "id": 239,
        "text": "do you know why my bank account is frozen",
        "predictions": [
            "account_blocked",
            "freeze_account"
        ]
    },
    {
        "id": 240,
        "text": "are there any problems with my bank account",
        "predictions": [
            "account_blocked",
            "freeze_account",
            "improve_credit_score",
            "report_fraud"
        ]
    },
    {
        "id": 241,
        "text": "did someone who is unauthorized try to get into my bank account",
        "predictions": [
            "account_blocked",
            "report_fraud"
        ]
    },
    {
        "id": 242,
        "text": "how can i unfreeze my bank account",
        "predictions": [
            "account_blocked",
            "freeze_account",
            "direct_deposit",
            "transfer"
        ]
    },
    {
        "id": 243,
        "text": "why is there a stop on my deposit account",
        "predictions": [
            "account_blocked",
            "freeze_account"
        ]
    },
    {
        "id": 244,
        "text": "can you check and see why us bank put a hold on my account",
        "predictions": [
            "account_blocked",
            "freeze_account"
        ]
    },
    {
        "id": 245,
        "text": "reasons that us bank would place a hold on my account",
        "predictions": [
            "account_blocked",
            "freeze_account"
        ]
    },
    {
        "id": 246,
        "text": "check to see why us bank placed a hold on my account",
        "predictions": [
            "account_blocked",
            "freeze_account"
        ]
    },
    {
        "id": 247,
        "text": "there seems to be an issue with my account",
        "predictions": [
            "account_blocked",
            "freeze_account",
            "report_fraud"
        ]
    },
    {
        "id": 248,
        "text": "is there a reason you put a hold on my chase account",
        "predictions": [
            "account_blocked",
            "freeze_account"
        ]
    },
    {
        "id": 249,
        "text": "why can't i access my chase account",
        "predictions": [
            "account_blocked",
            "freeze_account"
        ]
    },
    {
        "id": 250,
        "text": "does using my card in portland charge me extra",
        "predictions": [
            "credit_limit",
            "international_fees"
        ]
    },
    {
        "id": 251,
        "text": "in x, what is the charge if i use my card",
        "predictions": [
            "credit_limit",
            "international_fees",
            "min_payment"
        ]
    },
    {
        "id": 252,
        "text": "are there meetings from 1 to 5 pm",
        "predictions": [
            "schedule_meeting",
            "meeting_schedule"
        ]
    },
    {
        "id": 253,
        "text": "is there any meetings from 5 to 6 pm",
        "predictions": [
            "schedule_meeting",
            "meeting_schedule"
        ]
    },
    {
        "id": 254,
        "text": "are there any meetings between 2 and 5 pm",
        "predictions": [
            "schedule_meeting",
            "meeting_schedule"
        ]
    },
    {
        "id": 255,
        "text": "is it possible i have a meeting with kim today",
        "predictions": [
            "schedule_meeting",
            "meeting_schedule"
        ]
    },
    {
        "id": 256,
        "text": "my meeting with alice is scheduled for when",
        "predictions": [
            "schedule_meeting",
            "meeting_schedule"
        ]
    },
    {
        "id": 257,
        "text": "check the start time of the meeting scheduled for today",
        "predictions": [
            "schedule_meeting",
            "meeting_schedule"
        ]
    },
    {
        "id": 258,
        "text": "what is needed to cook lasagna",
        "predictions": [
            "recipe",
            "ingredients_list"
        ]
    },
    {
        "id": 259,
        "text": "how much flour do i need for a strawberry cake",
        "predictions": [
            "cook_time",
            "ingredients_list",
            "ingredient_substitution"
        ]
    },
    {
        "id": 260,
        "text": "tell me the ingredients to make an apple pie",
        "predictions": [
            "recipe",
            "ingredients_list"
        ]
    },
    {
        "id": 261,
        "text": "pull up everything i need to make a pasta dish",
        "predictions": [
            "recipe",
            "ingredients_list"
        ]
    },
    {
        "id": 262,
        "text": "i seem to have a purchase that i didn't make from olive garden on my account",
        "predictions": [
            "report_lost_card",
            "card_declined",
            "transactions",
            "report_fraud"
        ]
    },
    {
        "id": 263,
        "text": "my bill shows a purchase from payless shoes but i didn't buy anything",
        "predictions": [
            "order",
            "transactions",
            "report_fraud",
            "order_status",
            "min_payment"
        ]
    },
    {
        "id": 264,
        "text": "this charge is bs",
        "predictions": [
            "interest_rate",
            "measurement_conversion",
            "balance",
            "exchange_rate",
            "taxes",
            "w2",
            "calculator"
        ]
    },
    {
        "id": 265,
        "text": "i have a crap transaction from guitar center on my account",
        "predictions": [
            "transactions",
            "report_fraud"
        ]
    },
    {
        "id": 266,
        "text": "i don't remember buying this",
        "predictions": [
            "order",
            "last_maintenance",
            "shopping_list",
            "bill_due",
            "transactions",
            "payday",
            "order_status"
        ]
    },
    {
        "id": 267,
        "text": "i have a bs transaction from ebay on my account",
        "predictions": [
            "transactions",
            "report_fraud"
        ]
    },
    {
        "id": 268,
        "text": "i think someone jacked my bank account",
        "predictions": [
            "account_blocked",
            "report_lost_card",
            "freeze_account",
            "improve_credit_score",
            "card_declined",
            "report_fraud"
        ]
    },
    {
        "id": 269,
        "text": "i saw suspicious activity on my bank account",
        "predictions": [
            "account_blocked",
            "report_fraud"
        ]
    },
    {
        "id": 270,
        "text": "how does measurement a convert to measurement b",
        "predictions": [
            "measurement_conversion",
            "calculator"
        ]
    },
    {
        "id": 271,
        "text": "where can i find measurement conversions",
        "predictions": [
            "interest_rate",
            "measurement_conversion",
            "exchange_rate",
            "credit_score",
            "w2",
            "calories",
            "calculator"
        ]
    },
    {
        "id": 272,
        "text": "start the dishwasher",
        "predictions": [
            "smart_home",
            "reminder_update"
        ]
    },
    {
        "id": 273,
        "text": "turn on the microwave for 3 minutes",
        "predictions": [
            "smart_home",
            "timer",
            "reminder_update",
            "alarm"
        ]
    },
    {
        "id": 274,
        "text": "how is the weather",
        "predictions": [
            "weather",
            "greeting",
            "maybe"
        ]
    },
    {
        "id": 275,
        "text": "how is that weather",
        "predictions": [
            "weather",
            "maybe"
        ]
    },
    {
        "id": 276,
        "text": "how much do i owe the irs",
        "predictions": [
            "bill_balance",
            "taxes"
        ]
    },
    {
        "id": 277,
        "text": "i must pay verizon what minimum amount on my bill",
        "predictions": [
            "bill_balance",
            "min_payment"
        ]
    },
    {
        "id": 278,
        "text": "what is the lowest amount i must pay on my verizon bill",
        "predictions": [
            "bill_balance",
            "min_payment"
        ]
    },
    {
        "id": 279,
        "text": "at a minimum, what must i pay on my verizon bill",
        "predictions": [
            "bill_balance",
            "min_payment"
        ]
    },
    {
        "id": 280,
        "text": "what must i pay, at a minimum, on my verizon bill",
        "predictions": [
            "bill_balance",
            "min_payment"
        ]
    },
    {
        "id": 281,
        "text": "what is my minimum payment and when is it due",
        "predictions": [
            "bill_balance",
            "bill_due",
            "payday",
            "min_payment"
        ]
    },
    {
        "id": 282,
        "text": "what is the lowest amount i can pay for my insurance bill",
        "predictions": [
            "bill_balance",
            "min_payment"
        ]
    },
    {
        "id": 283,
        "text": "what is the lowest amount i can pay for my car bill",
        "predictions": [
            "bill_balance",
            "min_payment"
        ]
    },
    {
        "id": 284,
        "text": "what is the minimum amount i can pay on my gas bill",
        "predictions": [
            "bill_balance",
            "min_payment"
        ]
    },
    {
        "id": 285,
        "text": "do you know the smallest amount i can pay on my water bill",
        "predictions": [
            "bill_balance",
            "min_payment"
        ]
    },
    {
        "id": 286,
        "text": "look up the lowest amount i can pay on my electricity bill",
        "predictions": [
            "bill_balance",
            "min_payment"
        ]
    },
    {
        "id": 287,
        "text": "what is the minimum payable amount for my rent bill this month",
        "predictions": [
            "bill_balance",
            "min_payment"
        ]
    },
    {
        "id": 288,
        "text": "if i wanted to spend the lowest for my electric bill, then how much would it be",
        "predictions": [
            "bill_balance",
            "min_payment"
        ]
    },
    {
        "id": 289,
        "text": "stop talking you are annoying",
        "predictions": [
            "whisper_mode",
            "change_speed",
            "cancel"
        ]
    },
    {
        "id": 290,
        "text": "are there any required shots in indonesia",
        "predictions": [
            "vaccines",
            "plug_type"
        ]
    },
    {
        "id": 291,
        "text": "can you see if i have any vacation days available for a request",
        "predictions": [
            "pto_request",
            "pto_request_status"
        ]
    },
    {
        "id": 292,
        "text": "how many weeks of vacation time have i earned",
        "predictions": [
            "pto_balance",
            "pto_used"
        ]
    },
    {
        "id": 293,
        "text": "tell me how to spent \"frightened",
        "predictions": [
            "translate",
            "spelling",
            "definition"
        ]
    },
    {
        "id": 294,
        "text": "it is good to see you",
        "predictions": [
            "greeting",
            "goodbye"
        ]
    },
    {
        "id": 295,
        "text": "and your name is",
        "predictions": [
            "change_ai_name",
            "what_is_your_name"
        ]
    },
    {
        "id": 296,
        "text": "what name do you want me to use",
        "predictions": [
            "user_name",
            "what_is_your_name"
        ]
    },
    {
        "id": 297,
        "text": "where do i see what interest my mortgage has",
        "predictions": [
            "interest_rate",
            "bill_balance",
            "balance",
            "credit_score"
        ]
    },
    {
        "id": 298,
        "text": "what does my checking account at chase earn in interest",
        "predictions": [
            "interest_rate",
            "balance"
        ]
    },
    {
        "id": 299,
        "text": "when can i change my credit limit",
        "predictions": [
            "credit_limit",
            "credit_limit_change"
        ]
    },
    {
        "id": 300,
        "text": "book me a place to chicago from atlanta united airlines",
        "predictions": [
            "car_rental",
            "book_flight",
            "directions",
            "book_hotel",
            "travel_suggestion"
        ]
    },
    {
        "id": 301,
        "text": "\"i'll be travelling from lax and headed to phl for 120 on the 10th of may",
        "predictions": [
            "book_flight",
            "travel_notification"
        ]
    },
    {
        "id": 302,
        "text": "\"i'll leave to lax and go to phl for $120 on nov 5th",
        "predictions": [
            "book_flight",
            "pto_request",
            "travel_notification"
        ]
    },
    {
        "id": 303,
        "text": "did i remember to put oatmeal on my list",
        "predictions": [
            "shopping_list",
            "todo_list",
            "reminder"
        ]
    },
    {
        "id": 304,
        "text": "recite the items i'm planning to purchase",
        "predictions": [
            "order",
            "shopping_list",
            "transactions"
        ]
    },
    {
        "id": 305,
        "text": "what's on my to-buy list",
        "predictions": [
            "shopping_list",
            "todo_list"
        ]
    },
    {
        "id": 306,
        "text": "what's on my purchase list",
        "predictions": [
            "order",
            "shopping_list",
            "transactions"
        ]
    },
    {
        "id": 307,
        "text": "do i have to buy milk",
        "predictions": [
            "order",
            "shopping_list"
        ]
    },
    {
        "id": 308,
        "text": "am i supposed to buy milk",
        "predictions": [
            "order",
            "shopping_list"
        ]
    },
    {
        "id": 309,
        "text": "are carrots added to the grocery list",
        "predictions": [
            "shopping_list",
            "shopping_list_update"
        ]
    },
    {
        "id": 310,
        "text": "tell jim i'm coming home soon",
        "predictions": [
            "text",
            "share_location",
            "pto_request_status",
            "calendar_update",
            "goodbye",
            "travel_notification"
        ]
    },
    {
        "id": 311,
        "text": "i want to tell susan that the meeting has been cancelled",
        "predictions": [
            "schedule_meeting",
            "cancel_reservation",
            "calendar_update"
        ]
    },
    {
        "id": 312,
        "text": "what do i owe to jcp",
        "predictions": [
            "bill_balance",
            "balance"
        ]
    },
    {
        "id": 313,
        "text": "what is the amount due on my visa",
        "predictions": [
            "bill_balance",
            "credit_limit",
            "bill_due",
            "min_payment"
        ]
    },
    {
        "id": 314,
        "text": "i need to know the price of my car payment and insurance please",
        "predictions": [
            "bill_balance",
            "min_payment"
        ]
    },
    {
        "id": 315,
        "text": "what price is my credit card and my water bill at",
        "predictions": [
            "bill_balance",
            "bill_due",
            "min_payment"
        ]
    },
    {
        "id": 316,
        "text": "how much do i need to pay for my electricity and water bills",
        "predictions": [
            "bill_balance",
            "min_payment"
        ]
    },
    {
        "id": 317,
        "text": "what is the cost of my rent and water bills",
        "predictions": [
            "bill_balance",
            "min_payment"
        ]
    },
    {
        "id": 318,
        "text": "how much are my rent and cable",
        "predictions": [
            "bill_balance",
            "spending_history",
            "income",
            "min_payment"
        ]
    },
    {
        "id": 319,
        "text": "i think all my bills are paid, but can you double check",
        "predictions": [
            "bill_balance",
            "balance",
            "bill_due",
            "pay_bill",
            "min_payment"
        ]
    },
    {
        "id": 320,
        "text": "i think i owe about 100 left on my bills, am i forgetting anything",
        "predictions": [
            "bill_balance",
            "balance",
            "bill_due"
        ]
    },
    {
        "id": 321,
        "text": "has my electricity bill increased this month how much",
        "predictions": [
            "bill_balance",
            "spending_history"
        ]
    },
    {
        "id": 322,
        "text": "what will i be paying for utilities this month",
        "predictions": [
            "bill_balance",
            "min_payment"
        ]
    },
    {
        "id": 323,
        "text": "how much do i have to pay this month",
        "predictions": [
            "bill_balance",
            "spending_history",
            "payday",
            "income"
        ]
    },
    {
        "id": 324,
        "text": "is the phone bill the same as last month",
        "predictions": [
            "bill_balance",
            "bill_due",
            "min_payment"
        ]
    },
    {
        "id": 325,
        "text": "i'd like for this person to know my location",
        "predictions": [
            "share_location",
            "current_location"
        ]
    },
    {
        "id": 326,
        "text": "what are my mastercard points good for",
        "predictions": [
            "redeem_rewards",
            "rewards_balance"
        ]
    },
    {
        "id": 327,
        "text": "how many points do i have to cash",
        "predictions": [
            "redeem_rewards",
            "rewards_balance"
        ]
    },
    {
        "id": 328,
        "text": "how do i use my card reward points for my next flight",
        "predictions": [
            "redeem_rewards",
            "rewards_balance"
        ]
    },
    {
        "id": 329,
        "text": "i want to use my card reward points",
        "predictions": [
            "redeem_rewards",
            "rewards_balance"
        ]
    },
    {
        "id": 330,
        "text": "can i redeem my points for flights",
        "predictions": [
            "redeem_rewards",
            "rewards_balance"
        ]
    },
    {
        "id": 331,
        "text": "can i get cash back for my points",
        "predictions": [
            "redeem_rewards",
            "rewards_balance"
        ]
    },
    {
        "id": 332,
        "text": "can i use my points to pay my credit card",
        "predictions": [
            "redeem_rewards",
            "rewards_balance",
            "direct_deposit"
        ]
    },
    {
        "id": 333,
        "text": "what are the steps to get my rewards for my visa card",
        "predictions": [
            "redeem_rewards",
            "rewards_balance"
        ]
    },
    {
        "id": 334,
        "text": "how can i claim my rewards for my visa card",
        "predictions": [
            "redeem_rewards",
            "rewards_balance"
        ]
    },
    {
        "id": 335,
        "text": "how can i get my rewards for my master card",
        "predictions": [
            "redeem_rewards",
            "rewards_balance"
        ]
    },
    {
        "id": 336,
        "text": "where would i get my rewards for my master card",
        "predictions": [
            "redeem_rewards",
            "rewards_balance"
        ]
    },
    {
        "id": 337,
        "text": "let me cash my credit rewards",
        "predictions": [
            "redeem_rewards",
            "rewards_balance"
        ]
    },
    {
        "id": 338,
        "text": "help me redeem my reward points",
        "predictions": [
            "redeem_rewards",
            "rewards_balance"
        ]
    },
    {
        "id": 339,
        "text": "i want to use my credit rewards now",
        "predictions": [
            "redeem_rewards",
            "rewards_balance"
        ]
    },
    {
        "id": 340,
        "text": "whats the policy to redeem my visa reward points",
        "predictions": [
            "redeem_rewards",
            "rewards_balance"
        ]
    },
    {
        "id": 341,
        "text": "what can i get with my mastercard points",
        "predictions": [
            "redeem_rewards",
            "rewards_balance"
        ]
    },
    {
        "id": 342,
        "text": "get me my slow sounds",
        "predictions": [
            "change_speed",
            "change_volume"
        ]
    },
    {
        "id": 343,
        "text": "let me hear my slow songs",
        "predictions": [
            "what_song",
            "play_music",
            "next_song"
        ]
    },
    {
        "id": 344,
        "text": "pull up the songs under slow",
        "predictions": [
            "what_song",
            "play_music",
            "next_song"
        ]
    },
    {
        "id": 345,
        "text": "i'm in the mood for slow songs and nothing else",
        "predictions": [
            "whisper_mode",
            "what_song",
            "play_music",
            "next_song",
            "change_speed",
            "change_volume"
        ]
    },
    {
        "id": 346,
        "text": "drop some beats",
        "predictions": [
            "play_music",
            "next_song"
        ]
    },
    {
        "id": 347,
        "text": "play a song",
        "predictions": [
            "play_music",
            "next_song"
        ]
    },
    {
        "id": 348,
        "text": "is your voice from a human or is it synthesized",
        "predictions": [
            "change_accent",
            "are_you_a_bot"
        ]
    },
    {
        "id": 349,
        "text": "how many more miles can i drive on my current tank",
        "predictions": [
            "gas",
            "mpg"
        ]
    },
    {
        "id": 350,
        "text": "what is the expiration month and year on my credit car",
        "predictions": [
            "jump_start",
            "last_maintenance",
            "expiration_date",
            "schedule_maintenance"
        ]
    },
    {
        "id": 351,
        "text": "when is the expiration date for me discover",
        "predictions": [
            "smart_home",
            "timer",
            "last_maintenance",
            "expiration_date",
            "food_last",
            "bill_due",
            "next_holiday"
        ]
    },
    {
        "id": 352,
        "text": "what's your bday",
        "predictions": [
            "what_are_your_hobbies",
            "how_old_are_you",
            "pto_balance",
            "pto_used"
        ]
    },
    {
        "id": 353,
        "text": "what is the phone number of the car rental place",
        "predictions": [
            "car_rental",
            "find_phone"
        ]
    },
    {
        "id": 354,
        "text": "i would like thai food",
        "predictions": [
            "meal_suggestion",
            "restaurant_suggestion"
        ]
    },
    {
        "id": 355,
        "text": "can you recommend thai food",
        "predictions": [
            "meal_suggestion",
            "restaurant_suggestion"
        ]
    },
    {
        "id": 356,
        "text": "i need options or italian tonight",
        "predictions": [
            "meal_suggestion",
            "restaurant_suggestion"
        ]
    },
    {
        "id": 357,
        "text": "do you have any recommendations for korean",
        "predictions": [
            "change_language",
            "translate",
            "recipe"
        ]
    },
    {
        "id": 358,
        "text": "what would you suggest for japanese",
        "predictions": [
            "change_language",
            "translate"
        ]
    },
    {
        "id": 359,
        "text": "what instructions do i need to bake a cake from scratch",
        "predictions": [
            "recipe",
            "ingredients_list"
        ]
    },
    {
        "id": 360,
        "text": "how do you prepare omelet",
        "predictions": [
            "recipe",
            "ingredients_list"
        ]
    },
    {
        "id": 361,
        "text": "show me ideas for hamburger",
        "predictions": [
            "meal_suggestion",
            "recipe"
        ]
    },
    {
        "id": 362,
        "text": "what is in a burrito recipe",
        "predictions": [
            "recipe",
            "ingredients_list"
        ]
    },
    {
        "id": 363,
        "text": "what do i take home",
        "predictions": [
            "shopping_list",
            "todo_list",
            "carry_on"
        ]
    },
    {
        "id": 364,
        "text": "how much do i take home yearly",
        "predictions": [
            "spending_history",
            "income"
        ]
    },
    {
        "id": 365,
        "text": "what is my compensation",
        "predictions": [
            "bill_balance",
            "insurance",
            "income"
        ]
    },
    {
        "id": 366,
        "text": "what will i make this year",
        "predictions": [
            "what_are_your_hobbies",
            "bill_balance",
            "meal_suggestion",
            "spending_history",
            "insurance",
            "income"
        ]
    },
    {
        "id": 367,
        "text": "what is my payment going to be",
        "predictions": [
            "bill_balance",
            "payday",
            "income",
            "international_fees",
            "min_payment"
        ]
    },
    {
        "id": 368,
        "text": "alexa, buy a new television",
        "predictions": [
            "order",
            "reminder_update"
        ]
    },
    {
        "id": 369,
        "text": "siri, place my amazon order",
        "predictions": [
            "order",
            "order_status"
        ]
    },
    {
        "id": 370,
        "text": "can you place an order for the olive oil i just finished",
        "predictions": [
            "order",
            "order_status"
        ]
    },
    {
        "id": 371,
        "text": "can you overnight me a few checkbooks",
        "predictions": [
            "order_checks",
            "transfer"
        ]
    },
    {
        "id": 372,
        "text": "i was at publix trying to buy some food but my card wouldnt work",
        "predictions": [
            "card_declined",
            "damaged_card"
        ]
    },
    {
        "id": 373,
        "text": "why my card stop working",
        "predictions": [
            "account_blocked",
            "expiration_date",
            "card_declined",
            "damaged_card"
        ]
    },
    {
        "id": 374,
        "text": "i could not buy food using my card when i was in vietnam",
        "predictions": [
            "redeem_rewards",
            "card_declined",
            "international_visa",
            "report_fraud",
            "new_card",
            "apr",
            "international_fees"
        ]
    },
    {
        "id": 375,
        "text": "can you explain why i couldn't use my card at target",
        "predictions": [
            "account_blocked",
            "card_declined"
        ]
    },
    {
        "id": 376,
        "text": "why was my card not working at target",
        "predictions": [
            "account_blocked",
            "card_declined"
        ]
    },
    {
        "id": 377,
        "text": "why can't i use my credit card",
        "predictions": [
            "account_blocked",
            "expiration_date",
            "card_declined",
            "report_fraud",
            "new_card",
            "apr"
        ]
    },
    {
        "id": 378,
        "text": "how come my credit card isn't working",
        "predictions": [
            "expiration_date",
            "card_declined",
            "damaged_card"
        ]
    },
    {
        "id": 379,
        "text": "why didn't my card work",
        "predictions": [
            "expiration_date",
            "card_declined"
        ]
    }
]