[
    {
        "id": 0,
        "text": "I transferred some money but it is not here yet",
        "predictions": [
            "balance_not_updated_after_bank_transfer",
            "transfer_not_received_by_recipient"
        ]
    },
    {
        "id": 1,
        "text": "My contanctless has stopped working",
        "predictions": [
            "beneficiary_not_allowed",
            "card_not_working",
            "lost_or_stolen_phone",
            "unable_to_verify_identity",
            "virtual_card_not_working"
        ]
    },
    {
        "id": 2,
        "text": "I thought I left my card at a restaurant, but they claim not to have it and now I don't have any idea where it is. I'm so worried that someone might be using it fraudulently. Is there any way to look into this?",
        "predictions": [
            "compromised_card",
            "lost_or_stolen_card"
        ]
    },
    {
        "id": 3,
        "text": "What type of card can I use to top up?",
        "predictions": [
            "supported_cards_and_currencies",
            "visa_or_mastercard"
        ]
    },
    {
        "id": 4,
        "text": "Tell me which cards and what currency is supported.",
        "predictions": [
            "fiat_currency_support",
            "supported_cards_and_currencies"
        ]
    },
    {
        "id": 5,
        "text": "If my top-up didn't transfer, what went wrong?",
        "predictions": [
            "top_up_failed",
            "top_up_reverted"
        ]
    },
    {
        "id": 6,
        "text": "why is there a service fee on my statement?",
        "predictions": [
            "card_payment_fee_charged",
            "extra_charge_on_statement"
        ]
    },
    {
        "id": 7,
        "text": "Is there a transfer fee?",
        "predictions": [
            "top_up_by_bank_transfer_charge",
            "transfer_fee_charged"
        ]
    },
    {
        "id": 8,
        "text": "How do I add money to my card?",
        "predictions": [
            "supported_cards_and_currencies",
            "top_up_by_card_charge"
        ]
    },
    {
        "id": 9,
        "text": "My money is all gone. What ways are okay to add money to my account?",
        "predictions": [
            "top_up_reverted",
            "topping_up_by_card"
        ]
    },
    {
        "id": 10,
        "text": "Hi, I am unable to see transaction in my account which i made couples of hours ago from my UK account. Please help me in this.",
        "predictions": [
            "balance_not_updated_after_bank_transfer",
            "card_payment_not_recognised",
            "direct_debit_payment_not_recognised"
        ]
    },
    {
        "id": 11,
        "text": "What do I do to stop unauthorized transactions on my card? I was never in the place from which the transactions on my bill were made and I never made them. Please help!",
        "predictions": [
            "card_payment_not_recognised",
            "compromised_card"
        ]
    },
    {
        "id": 12,
        "text": "Is my card denied anywhere?",
        "predictions": [
            "card_not_working",
            "declined_card_payment"
        ]
    },
    {
        "id": 13,
        "text": "How come my top-up didn't go through instantly, like it usually does?",
        "predictions": [
            "top_up_failed",
            "top_up_reverted"
        ]
    },
    {
        "id": 14,
        "text": "is there a reason that my payment didnt go through",
        "predictions": [
            "declined_card_payment",
            "reverted_card_payment?"
        ]
    },
    {
        "id": 15,
        "text": "What stopped my transfer, from being accepted?",
        "predictions": [
            "beneficiary_not_allowed",
            "declined_transfer",
            "failed_transfer"
        ]
    },
    {
        "id": 16,
        "text": "I can't add any more money.",
        "predictions": [
            "pending_top_up",
            "top_up_failed",
            "top_up_limits",
            "top_up_reverted",
            "topping_up_by_card"
        ]
    },
    {
        "id": 17,
        "text": "I have an outgoing transfer",
        "predictions": [
            "balance_not_updated_after_bank_transfer",
            "pending_transfer",
            "receiving_money",
            "transfer_into_account",
            "transfer_timing",
            "verify_source_of_funds"
        ]
    },
    {
        "id": 18,
        "text": "What can I do to verify my card?",
        "predictions": [
            "activate_my_card",
            "card_linking",
            "card_not_working"
        ]
    },
    {
        "id": 19,
        "text": "What fees to you have for top ups?",
        "predictions": [
            "top_up_by_bank_transfer_charge",
            "top_up_by_card_charge"
        ]
    },
    {
        "id": 20,
        "text": "Money transfer help? How long?",
        "predictions": [
            "balance_not_updated_after_bank_transfer",
            "pending_transfer",
            "transfer_not_received_by_recipient",
            "transfer_timing"
        ]
    },
    {
        "id": 21,
        "text": "How do I know if my top up worked?",
        "predictions": [
            "pending_top_up",
            "top_up_failed"
        ]
    },
    {
        "id": 22,
        "text": "What should I do with my stuck ATM?",
        "predictions": [
            "card_swallowed",
            "declined_cash_withdrawal"
        ]
    },
    {
        "id": 23,
        "text": "show me how to top up",
        "predictions": [
            "top_up_by_cash_or_cheque",
            "topping_up_by_card",
            "transfer_into_account"
        ]
    },
    {
        "id": 24,
        "text": "who charged my card",
        "predictions": [
            "card_payment_fee_charged",
            "card_payment_not_recognised",
            "declined_card_payment"
        ]
    },
    {
        "id": 25,
        "text": "My transfer will not go through.",
        "predictions": [
            "beneficiary_not_allowed",
            "declined_transfer",
            "failed_transfer"
        ]
    },
    {
        "id": 26,
        "text": "Hello. I bought an item a while ago, and have since requested a refund.  However, upon checking my online statements, it seems that I haven't been issued a refund yet.  How can this be remedied?",
        "predictions": [
            "Refund_not_showing_up",
            "request_refund"
        ]
    },
    {
        "id": 27,
        "text": "I wanted to transfer money to another account, but now I don't have to so I'd like to cancel said transfer. How can I do that?",
        "predictions": [
            "beneficiary_not_allowed",
            "cancel_transfer"
        ]
    },
    {
        "id": 28,
        "text": "I believe you charged me too much to exchange my money",
        "predictions": [
            "card_payment_wrong_exchange_rate",
            "exchange_charge"
        ]
    },
    {
        "id": 29,
        "text": "How long do I have to wait for the transfer to be finalized?",
        "predictions": [
            "pending_transfer",
            "transfer_not_received_by_recipient"
        ]
    },
    {
        "id": 30,
        "text": "Is there a longer processing time for international bank transfers?",
        "predictions": [
            "balance_not_updated_after_bank_transfer",
            "transfer_timing"
        ]
    },
    {
        "id": 31,
        "text": "How long do I have to wait for my bank transfer to appear in my account?",
        "predictions": [
            "balance_not_updated_after_bank_transfer",
            "transfer_timing"
        ]
    },
    {
        "id": 32,
        "text": "Why hasn't my transaction completed?",
        "predictions": [
            "failed_transfer",
            "transfer_not_received_by_recipient"
        ]
    },
    {
        "id": 33,
        "text": "Trouble transferring transaction contact for help",
        "predictions": [
            "failed_transfer",
            "transfer_not_received_by_recipient"
        ]
    },
    {
        "id": 34,
        "text": "What is the first step I need to make for being able to access my account?",
        "predictions": [
            "passcode_forgotten",
            "verify_my_identity",
            "why_verify_identity"
        ]
    },
    {
        "id": 35,
        "text": "I made a purchase a few weeks ago but wasn't happy with it so recently requested a refund from the supplier.  Can you check where the money is?",
        "predictions": [
            "Refund_not_showing_up",
            "request_refund"
        ]
    },
    {
        "id": 36,
        "text": "Where do I need to live to get support?",
        "predictions": [
            "atm_support",
            "country_support"
        ]
    },
    {
        "id": 37,
        "text": "WHAT IS THE ATMOSPHERE OF IT",
        "predictions": [
            "card_acceptance",
            "country_support",
            "fiat_currency_support"
        ]
    },
    {
        "id": 38,
        "text": "I am being charged the wrong amount on my card.",
        "predictions": [
            "card_payment_wrong_exchange_rate",
            "extra_charge_on_statement"
        ]
    },
    {
        "id": 39,
        "text": "Im not sure why Im being charged an extra fee just for purchasing an item from another country? I paid for the item and the shipping why am I getting charged extra?",
        "predictions": [
            "card_payment_fee_charged",
            "transfer_fee_charged"
        ]
    },
    {
        "id": 40,
        "text": "What is stopping my money from transferring?",
        "predictions": [
            "beneficiary_not_allowed",
            "failed_transfer"
        ]
    },
    {
        "id": 41,
        "text": "Can you please identify the problem with my bank card?",
        "predictions": [
            "card_not_working",
            "lost_or_stolen_card"
        ]
    },
    {
        "id": 42,
        "text": "why wont my american express work to add money",
        "predictions": [
            "supported_cards_and_currencies",
            "top_up_failed"
        ]
    },
    {
        "id": 43,
        "text": "How do I go through the process of currency exchange?",
        "predictions": [
            "exchange_via_app",
            "fiat_currency_support"
        ]
    },
    {
        "id": 44,
        "text": "How long should my new card take to arrive?",
        "predictions": [
            "card_arrival",
            "card_delivery_estimate"
        ]
    },
    {
        "id": 45,
        "text": "What are the steps to finishing up with this account?",
        "predictions": [
            "pending_top_up",
            "pending_transfer",
            "top_up_by_cash_or_cheque",
            "transfer_into_account"
        ]
    },
    {
        "id": 46,
        "text": "I was unable to transfer money from my account.",
        "predictions": [
            "beneficiary_not_allowed",
            "declined_transfer",
            "failed_transfer"
        ]
    },
    {
        "id": 47,
        "text": "I lost my wallet and all my cards were in it.",
        "predictions": [
            "cash_withdrawal_not_recognised",
            "compromised_card",
            "lost_or_stolen_card"
        ]
    },
    {
        "id": 48,
        "text": "What is the reason my payment was not accepted?",
        "predictions": [
            "declined_card_payment",
            "reverted_card_payment?"
        ]
    },
    {
        "id": 49,
        "text": "Where do you support?",
        "predictions": [
            "country_support",
            "fiat_currency_support"
        ]
    },
    {
        "id": 50,
        "text": "How can I top up my account and which currency can I use?",
        "predictions": [
            "fiat_currency_support",
            "supported_cards_and_currencies"
        ]
    },
    {
        "id": 51,
        "text": "Where did my deposit for my source of funds come from?",
        "predictions": [
            "balance_not_updated_after_cheque_or_cash_deposit",
            "verify_source_of_funds"
        ]
    },
    {
        "id": 52,
        "text": "is there a fee for a transfer? if so how much will it be?",
        "predictions": [
            "top_up_by_bank_transfer_charge",
            "transfer_fee_charged"
        ]
    },
    {
        "id": 53,
        "text": "I don't think the charges made when I had currency exchanged are right.",
        "predictions": [
            "card_payment_wrong_exchange_rate",
            "wrong_exchange_rate_for_cash_withdrawal"
        ]
    },
    {
        "id": 54,
        "text": "Today I was out eating and my card was declined. Why's that?",
        "predictions": [
            "card_not_working",
            "declined_card_payment"
        ]
    },
    {
        "id": 55,
        "text": "What is this fee debit on my account?",
        "predictions": [
            "card_payment_fee_charged",
            "direct_debit_payment_not_recognised",
            "extra_charge_on_statement"
        ]
    },
    {
        "id": 56,
        "text": "Is my country supported",
        "predictions": [
            "country_support",
            "fiat_currency_support"
        ]
    },
    {
        "id": 57,
        "text": "I have a problem with a transfer. It didn't work. Can you tell me why?",
        "predictions": [
            "declined_transfer",
            "failed_transfer"
        ]
    },
    {
        "id": 58,
        "text": "need to exchange currencies",
        "predictions": [
            "exchange_via_app",
            "fiat_currency_support"
        ]
    },
    {
        "id": 59,
        "text": "what is required documents for new card process ?",
        "predictions": [
            "activate_my_card",
            "order_physical_card",
            "verify_my_identity"
        ]
    },
    {
        "id": 60,
        "text": "My top-up was declined",
        "predictions": [
            "top_up_failed",
            "top_up_reverted"
        ]
    },
    {
        "id": 61,
        "text": "There is a fee I don't recognize on my statement.",
        "predictions": [
            "card_payment_fee_charged",
            "card_payment_not_recognised",
            "extra_charge_on_statement"
        ]
    },
    {
        "id": 62,
        "text": "When will you be taking orders for disposable virtual cards?",
        "predictions": [
            "disposable_card_limits",
            "get_disposable_virtual_card"
        ]
    },
    {
        "id": 63,
        "text": "Is there a top-up fee if you add money in USD?",
        "predictions": [
            "top_up_by_bank_transfer_charge",
            "top_up_by_card_charge"
        ]
    },
    {
        "id": 64,
        "text": "Why won't my top up go through?",
        "predictions": [
            "pending_top_up",
            "top_up_failed",
            "top_up_reverted"
        ]
    },
    {
        "id": 65,
        "text": "What's the procedure with currency exchange?",
        "predictions": [
            "exchange_rate",
            "exchange_via_app",
            "fiat_currency_support"
        ]
    },
    {
        "id": 66,
        "text": "Physical cards are what I need more of",
        "predictions": [
            "getting_spare_card",
            "order_physical_card"
        ]
    },
    {
        "id": 67,
        "text": "Hello,  I have recharged topup but account is not credited. Please help me in this, i guess there is some defect in system.",
        "predictions": [
            "pending_top_up",
            "top_up_failed",
            "top_up_reverted"
        ]
    },
    {
        "id": 68,
        "text": "Which currencies are allowed?",
        "predictions": [
            "fiat_currency_support",
            "supported_cards_and_currencies"
        ]
    },
    {
        "id": 69,
        "text": "Can I verify my identity?",
        "predictions": [
            "unable_to_verify_identity",
            "verify_my_identity"
        ]
    },
    {
        "id": 70,
        "text": "The terminal I paid at wouldn't take my card. Is something wrong?",
        "predictions": [
            "card_not_working",
            "card_swallowed"
        ]
    },
    {
        "id": 71,
        "text": "WTF??? I tried to withdraw some money at a Metro bank on High St. Kensington and without any notice it disappeared in the machine. The bank was already closed so I couldn't do anything. How do I get it back?",
        "predictions": [
            "card_swallowed",
            "declined_cash_withdrawal"
        ]
    },
    {
        "id": 72,
        "text": "What do I need to know about topping up?",
        "predictions": [
            "top_up_by_bank_transfer_charge",
            "top_up_by_card_charge",
            "top_up_by_cash_or_cheque"
        ]
    },
    {
        "id": 73,
        "text": "Can I only top-up digitally? Or could I use cash?",
        "predictions": [
            "top_up_by_cash_or_cheque",
            "transfer_into_account"
        ]
    },
    {
        "id": 74,
        "text": "Can you explain to me the way to verify my top up has gone through?",
        "predictions": [
            "pending_top_up",
            "verify_top_up"
        ]
    },
    {
        "id": 75,
        "text": "What do i need to verify my id?",
        "predictions": [
            "unable_to_verify_identity",
            "verify_my_identity"
        ]
    },
    {
        "id": 76,
        "text": "Please can you block the transaction I just sent from my account? It was a payment but I accidently typed in the wrong details and think it might have gone to the wrong place.",
        "predictions": [
            "beneficiary_not_allowed",
            "cancel_transfer",
            "card_payment_not_recognised",
            "direct_debit_payment_not_recognised"
        ]
    },
    {
        "id": 77,
        "text": "My card isn't letting me purchase something and I wanted to know why.",
        "predictions": [
            "declined_card_payment",
            "reverted_card_payment?"
        ]
    },
    {
        "id": 78,
        "text": "There is money missing from my account.",
        "predictions": [
            "balance_not_updated_after_cheque_or_cash_deposit",
            "cash_withdrawal_not_recognised",
            "top_up_reverted",
            "wrong_amount_of_cash_received"
        ]
    },
    {
        "id": 79,
        "text": "Fix your system. I can't make transfers, I've tried like 5 times already.",
        "predictions": [
            "declined_transfer",
            "failed_transfer"
        ]
    },
    {
        "id": 80,
        "text": "My credit card transaction was declined for a loan payment.  Can you tell me why?",
        "predictions": [
            "declined_transfer",
            "failed_transfer"
        ]
    },
    {
        "id": 81,
        "text": "When will the transfer go through?",
        "predictions": [
            "balance_not_updated_after_bank_transfer",
            "pending_transfer"
        ]
    },
    {
        "id": 82,
        "text": "My wallet was stolen, along with my cards. How do I put a freeze on my cards and order a new one?",
        "predictions": [
            "cash_withdrawal_not_recognised",
            "compromised_card",
            "lost_or_stolen_card"
        ]
    },
    {
        "id": 83,
        "text": "How is my ATM deposit not available yet?",
        "predictions": [
            "balance_not_updated_after_cheque_or_cash_deposit",
            "pending_cash_withdrawal"
        ]
    },
    {
        "id": 84,
        "text": "Why isn't my payment showing?",
        "predictions": [
            "pending_card_payment",
            "reverted_card_payment?"
        ]
    },
    {
        "id": 85,
        "text": "What are your policies for card transfers?",
        "predictions": [
            "card_acceptance",
            "order_physical_card",
            "top_up_by_bank_transfer_charge"
        ]
    },
    {
        "id": 86,
        "text": "Where can I find a list of descriptions the disposable cards have?",
        "predictions": [
            "disposable_card_limits",
            "get_disposable_virtual_card"
        ]
    },
    {
        "id": 87,
        "text": "Can I get support?",
        "predictions": [
            "country_support",
            "fiat_currency_support"
        ]
    },
    {
        "id": 88,
        "text": "Why did you charge me extra?",
        "predictions": [
            "card_payment_fee_charged",
            "extra_charge_on_statement"
        ]
    },
    {
        "id": 89,
        "text": "I just had a wedding and I want to take my spouses name.",
        "predictions": [
            "edit_personal_details",
            "verify_my_identity",
            "why_verify_identity"
        ]
    },
    {
        "id": 90,
        "text": "I don't know where this transaction came from?",
        "predictions": [
            "card_payment_not_recognised",
            "direct_debit_payment_not_recognised",
            "transfer_not_received_by_recipient"
        ]
    },
    {
        "id": 91,
        "text": "Hello, my transfers are getting failed continuously, in spite of the fact that all the recipient details are correct. Please advise.",
        "predictions": [
            "declined_transfer",
            "failed_transfer"
        ]
    },
    {
        "id": 92,
        "text": "Why is my debit card being declined when I have money?",
        "predictions": [
            "declined_card_payment",
            "declined_cash_withdrawal",
            "direct_debit_payment_not_recognised"
        ]
    },
    {
        "id": 93,
        "text": "I am seeing unathorized transactions in the app, on my account.",
        "predictions": [
            "card_payment_not_recognised",
            "compromised_card"
        ]
    },
    {
        "id": 94,
        "text": "I topped up but it isn't in my account",
        "predictions": [
            "top_up_reverted",
            "topping_up_by_card"
        ]
    },
    {
        "id": 95,
        "text": "How do I get started when I get my card?",
        "predictions": [
            "card_arrival",
            "card_delivery_estimate"
        ]
    },
    {
        "id": 96,
        "text": "I need some help now please! There are some transactions on my account that I do not remember purchasing. Can they be reversed? Can you please cancel or freeze my card so I don't keep getting charged?!",
        "predictions": [
            "cancel_transfer",
            "card_payment_not_recognised",
            "direct_debit_payment_not_recognised",
            "transaction_charged_twice"
        ]
    },
    {
        "id": 97,
        "text": "How do I know how much money I will have when I travel abroad?",
        "predictions": [
            "automatic_top_up",
            "transfer_timing"
        ]
    },
    {
        "id": 98,
        "text": "Hi, i don't know what's going on i've just paid for my top up twice by accident can you help me get a refund please.",
        "predictions": [
            "top_up_failed",
            "top_up_reverted",
            "transaction_charged_twice"
        ]
    },
    {
        "id": 99,
        "text": "How long will this take to get to me?",
        "predictions": [
            "card_delivery_estimate",
            "transfer_timing"
        ]
    },
    {
        "id": 100,
        "text": "There's a payment showing in the app today even though I have not used my card at all. I want a refund.",
        "predictions": [
            "direct_debit_payment_not_recognised",
            "Refund_not_showing_up",
            "request_refund"
        ]
    },
    {
        "id": 101,
        "text": "I need a new card.",
        "predictions": [
            "order_physical_card",
            "visa_or_mastercard"
        ]
    },
    {
        "id": 102,
        "text": "Why did my card payment not work?",
        "predictions": [
            "declined_card_payment",
            "reverted_card_payment?"
        ]
    },
    {
        "id": 103,
        "text": "How do I verify my ID?",
        "predictions": [
            "unable_to_verify_identity",
            "verify_my_identity"
        ]
    },
    {
        "id": 104,
        "text": "I don't see a money transfer yet",
        "predictions": [
            "pending_transfer",
            "transfer_not_received_by_recipient"
        ]
    },
    {
        "id": 105,
        "text": "How do I make an exchange from one currency to another?",
        "predictions": [
            "exchange_via_app",
            "fiat_currency_support"
        ]
    },
    {
        "id": 106,
        "text": "How can I pay for top-ups?",
        "predictions": [
            "top_up_by_bank_transfer_charge",
            "top_up_by_card_charge"
        ]
    },
    {
        "id": 107,
        "text": "I have a fee and I don't know why",
        "predictions": [
            "card_payment_fee_charged",
            "transfer_fee_charged"
        ]
    },
    {
        "id": 108,
        "text": "i know i entered the right info, but my top up isn't in my balance",
        "predictions": [
            "pending_top_up",
            "top_up_reverted",
            "topping_up_by_card"
        ]
    },
    {
        "id": 109,
        "text": "Why has my payment not transferred?",
        "predictions": [
            "pending_card_payment",
            "pending_transfer",
            "transfer_not_received_by_recipient"
        ]
    },
    {
        "id": 110,
        "text": "I made a big purchase that I regretted and cancelled, the merchant said that my refund was submitted. Can you confirm to me that all of my money was truly returned to me?",
        "predictions": [
            "Refund_not_showing_up",
            "request_refund",
            "reverted_card_payment?"
        ]
    },
    {
        "id": 111,
        "text": "What currencies and methods can i use to top up my account?",
        "predictions": [
            "fiat_currency_support",
            "supported_cards_and_currencies",
            "top_up_by_cash_or_cheque"
        ]
    },
    {
        "id": 112,
        "text": "Please help!  The app won't let me cancel a money transfer.  I accidently sent money to an account that wasn't mine.  I need this cancelled immediately.",
        "predictions": [
            "beneficiary_not_allowed",
            "cancel_transfer"
        ]
    },
    {
        "id": 113,
        "text": "Why is my disposable card not working?",
        "predictions": [
            "disposable_card_limits",
            "get_disposable_virtual_card",
            "virtual_card_not_working"
        ]
    },
    {
        "id": 114,
        "text": "Is there any way to verify who I am?",
        "predictions": [
            "unable_to_verify_identity",
            "verify_my_identity"
        ]
    },
    {
        "id": 115,
        "text": "My PIN tries have run out. Now what?",
        "predictions": [
            "get_physical_card",
            "pin_blocked"
        ]
    },
    {
        "id": 116,
        "text": "Why wasn't my card payment accepted?",
        "predictions": [
            "declined_card_payment",
            "reverted_card_payment?"
        ]
    },
    {
        "id": 117,
        "text": "Can I exchange currency to Europe?",
        "predictions": [
            "exchange_via_app",
            "fiat_currency_support"
        ]
    },
    {
        "id": 118,
        "text": "Money that I have transferred hasn't arrived yet",
        "predictions": [
            "balance_not_updated_after_bank_transfer",
            "transfer_not_received_by_recipient"
        ]
    },
    {
        "id": 119,
        "text": "A transfer to my account was denied.",
        "predictions": [
            "beneficiary_not_allowed",
            "declined_transfer"
        ]
    },
    {
        "id": 120,
        "text": "Is there a fee for european bank cards?",
        "predictions": [
            "order_physical_card",
            "top_up_by_card_charge"
        ]
    },
    {
        "id": 121,
        "text": "Are there any places that I can't use the disposable cards at?",
        "predictions": [
            "disposable_card_limits",
            "get_disposable_virtual_card"
        ]
    },
    {
        "id": 122,
        "text": "who can put money in my account?",
        "predictions": [
            "receiving_money",
            "top_up_by_cash_or_cheque",
            "topping_up_by_card"
        ]
    },
    {
        "id": 123,
        "text": "I have money in a foreign account that I want to send to this account.",
        "predictions": [
            "transfer_into_account",
            "transfer_timing"
        ]
    },
    {
        "id": 124,
        "text": "When will I get my card?",
        "predictions": [
            "card_arrival",
            "card_delivery_estimate"
        ]
    },
    {
        "id": 125,
        "text": "I haven't received my cash yet.",
        "predictions": [
            "balance_not_updated_after_cheque_or_cash_deposit",
            "transfer_not_received_by_recipient",
            "wrong_amount_of_cash_received"
        ]
    },
    {
        "id": 126,
        "text": "Why isn't the transferred money there?",
        "predictions": [
            "balance_not_updated_after_bank_transfer",
            "transfer_not_received_by_recipient"
        ]
    },
    {
        "id": 127,
        "text": "I was removing a dollar amount from my account and now don't have access to my card.",
        "predictions": [
            "extra_charge_on_statement",
            "wrong_amount_of_cash_received"
        ]
    },
    {
        "id": 128,
        "text": "As far as courtries go which ones are supported?",
        "predictions": [
            "card_acceptance",
            "fiat_currency_support"
        ]
    },
    {
        "id": 129,
        "text": "The fee charged when I changed rubles into British pounds was too much.",
        "predictions": [
            "card_payment_wrong_exchange_rate",
            "exchange_charge",
            "transfer_fee_charged"
        ]
    },
    {
        "id": 130,
        "text": "what currencies can i exchange between on your app?",
        "predictions": [
            "exchange_via_app",
            "fiat_currency_support"
        ]
    },
    {
        "id": 131,
        "text": "What currencies do you offer?",
        "predictions": [
            "fiat_currency_support",
            "supported_cards_and_currencies"
        ]
    },
    {
        "id": 132,
        "text": "How long will the transfer take?",
        "predictions": [
            "balance_not_updated_after_bank_transfer",
            "pending_transfer",
            "transfer_timing"
        ]
    },
    {
        "id": 133,
        "text": "Is there an allowance on cards?",
        "predictions": [
            "getting_spare_card",
            "order_physical_card"
        ]
    },
    {
        "id": 134,
        "text": "I can still see money in my account after making a payment",
        "predictions": [
            "balance_not_updated_after_cheque_or_cash_deposit",
            "card_payment_not_recognised",
            "pending_card_payment",
            "pending_cash_withdrawal",
            "reverted_card_payment?"
        ]
    },
    {
        "id": 135,
        "text": "Dude I put money in the ATM last week but it ain't there! I need the money now figure this out!",
        "predictions": [
            "balance_not_updated_after_cheque_or_cash_deposit",
            "pending_cash_withdrawal",
            "wrong_amount_of_cash_received"
        ]
    },
    {
        "id": 136,
        "text": "I hope you can help me. My account has been compromised from a different town that I haven't been to. Can you please place a hold on my account until I can make it to the bank?",
        "predictions": [
            "cash_withdrawal_not_recognised",
            "compromised_card"
        ]
    },
    {
        "id": 137,
        "text": "How does a US resident go about acquiring a new card?",
        "predictions": [
            "card_about_to_expire",
            "country_support"
        ]
    },
    {
        "id": 138,
        "text": "How can I deposit money to my account?",
        "predictions": [
            "top_up_by_cash_or_cheque",
            "transfer_into_account"
        ]
    },
    {
        "id": 139,
        "text": "How do i verify my card?",
        "predictions": [
            "activate_my_card",
            "card_linking",
            "card_not_working"
        ]
    },
    {
        "id": 140,
        "text": "How do I reset my PIN, I can't seem to use my card?",
        "predictions": [
            "change_pin",
            "pin_blocked"
        ]
    },
    {
        "id": 141,
        "text": "I had to pay money for paying with my card.",
        "predictions": [
            "card_payment_fee_charged",
            "declined_card_payment"
        ]
    },
    {
        "id": 142,
        "text": "My account is blocked, how do I log in now",
        "predictions": [
            "passcode_forgotten",
            "pin_blocked"
        ]
    },
    {
        "id": 143,
        "text": "I checked my account today and it said I was out of money. How do I transfer money into my account?",
        "predictions": [
            "balance_not_updated_after_cheque_or_cash_deposit",
            "transfer_into_account"
        ]
    },
    {
        "id": 144,
        "text": "I couldnt transfer money from my account.",
        "predictions": [
            "beneficiary_not_allowed",
            "declined_transfer",
            "failed_transfer"
        ]
    },
    {
        "id": 145,
        "text": "I have arranged a transfer, but no longer need to send it. How do I stop the transfer?",
        "predictions": [
            "beneficiary_not_allowed",
            "cancel_transfer",
            "declined_transfer"
        ]
    },
    {
        "id": 146,
        "text": "how do VR cards work",
        "predictions": [
            "activate_my_card",
            "get_disposable_virtual_card",
            "getting_virtual_card",
            "order_physical_card"
        ]
    },
    {
        "id": 147,
        "text": "Am I the only one who can top-up my account?",
        "predictions": [
            "automatic_top_up",
            "pending_top_up",
            "top_up_by_cash_or_cheque",
            "top_up_limits",
            "topping_up_by_card"
        ]
    },
    {
        "id": 148,
        "text": "I want to start using my card.",
        "predictions": [
            "activate_my_card",
            "card_acceptance",
            "card_not_working"
        ]
    },
    {
        "id": 149,
        "text": "how long and how much does it cost for new card",
        "predictions": [
            "card_about_to_expire",
            "contactless_not_working"
        ]
    },
    {
        "id": 150,
        "text": "Why do I have to give you my drivers license",
        "predictions": [
            "verify_my_identity",
            "why_verify_identity"
        ]
    },
    {
        "id": 151,
        "text": "I was wondering if you will take any fees in exchange for top ups?",
        "predictions": [
            "top_up_by_bank_transfer_charge",
            "top_up_by_card_charge"
        ]
    },
    {
        "id": 152,
        "text": "My money disappeared right when I tried to top up",
        "predictions": [
            "top_up_reverted",
            "topping_up_by_card"
        ]
    },
    {
        "id": 153,
        "text": "How can I change my password?",
        "predictions": [
            "edit_personal_details",
            "passcode_forgotten"
        ]
    },
    {
        "id": 154,
        "text": "I've been waiting since Friday, where is my money?",
        "predictions": [
            "balance_not_updated_after_cheque_or_cash_deposit",
            "transfer_not_received_by_recipient"
        ]
    },
    {
        "id": 155,
        "text": "Why has my top-up not worked?",
        "predictions": [
            "pending_top_up",
            "top_up_failed"
        ]
    },
    {
        "id": 156,
        "text": "I want to know which currencies and cards are supported, can you provide a list?",
        "predictions": [
            "fiat_currency_support",
            "supported_cards_and_currencies"
        ]
    },
    {
        "id": 157,
        "text": "Why did I get charged extra?",
        "predictions": [
            "card_payment_fee_charged",
            "extra_charge_on_statement"
        ]
    },
    {
        "id": 158,
        "text": "I had an unexpected fee",
        "predictions": [
            "card_payment_fee_charged",
            "extra_charge_on_statement",
            "transfer_fee_charged"
        ]
    },
    {
        "id": 159,
        "text": "When will the transaction post to my account?",
        "predictions": [
            "pending_card_payment",
            "transfer_timing"
        ]
    },
    {
        "id": 160,
        "text": "I just had a look at my statement. Why have I been changed for using the ATM?",
        "predictions": [
            "edit_personal_details",
            "wrong_amount_of_cash_received",
            "wrong_exchange_rate_for_cash_withdrawal"
        ]
    },
    {
        "id": 161,
        "text": "Hello,  In my most recent ATM transaction, I didn't receive nearly as much cash as I thought I would - what is your exchange rate policy?",
        "predictions": [
            "wrong_amount_of_cash_received",
            "wrong_exchange_rate_for_cash_withdrawal"
        ]
    },
    {
        "id": 162,
        "text": "Why wont the other bank take my money?? Is it not good enough?? There's sufficient funds but I keep getting denied a standard transfer. Ive tried 5 times!",
        "predictions": [
            "beneficiary_not_allowed",
            "declined_transfer",
            "failed_transfer"
        ]
    },
    {
        "id": 163,
        "text": "I'm really stuck. I don't know why but my card payment has not gone through.",
        "predictions": [
            "declined_card_payment",
            "reverted_card_payment?"
        ]
    },
    {
        "id": 164,
        "text": "Why didn't my card payment work?",
        "predictions": [
            "declined_card_payment",
            "reverted_card_payment?"
        ]
    },
    {
        "id": 165,
        "text": "When I tried to transfer funds to my friend today I was unable to do so, why?",
        "predictions": [
            "beneficiary_not_allowed",
            "failed_transfer"
        ]
    },
    {
        "id": 166,
        "text": "I sent a payment but it isn't showing up in the app",
        "predictions": [
            "card_payment_not_recognised",
            "reverted_card_payment?"
        ]
    },
    {
        "id": 167,
        "text": "I was so embarrassed. Why didn't my payment clear?",
        "predictions": [
            "declined_card_payment",
            "reverted_card_payment?"
        ]
    },
    {
        "id": 168,
        "text": "Why hasn't my in country transfer gone through yet? I confirmed the account info a couple days ago but the payment hasn't been posted yet.",
        "predictions": [
            "pending_transfer",
            "transfer_not_received_by_recipient"
        ]
    },
    {
        "id": 169,
        "text": "What is the handling fee for transfer?",
        "predictions": [
            "top_up_by_bank_transfer_charge",
            "transfer_fee_charged"
        ]
    },
    {
        "id": 170,
        "text": "Where is my top-up generated from?",
        "predictions": [
            "pending_top_up",
            "topping_up_by_card"
        ]
    },
    {
        "id": 171,
        "text": "The app won't let me top up my account",
        "predictions": [
            "top_up_failed",
            "top_up_reverted",
            "topping_up_by_card"
        ]
    },
    {
        "id": 172,
        "text": "Will a transfer incur a fee?",
        "predictions": [
            "top_up_by_bank_transfer_charge",
            "transfer_fee_charged"
        ]
    },
    {
        "id": 173,
        "text": "When I travel, what will it cost to switch for my currency?",
        "predictions": [
            "automatic_top_up",
            "top_up_by_bank_transfer_charge"
        ]
    },
    {
        "id": 174,
        "text": "My product was faulty.",
        "predictions": [
            "cancel_transfer",
            "card_payment_not_recognised",
            "compromised_card",
            "request_refund"
        ]
    },
    {
        "id": 175,
        "text": "Has there been any activity on my card today?",
        "predictions": [
            "card_arrival",
            "card_not_working",
            "compromised_card"
        ]
    },
    {
        "id": 176,
        "text": "which identity details are required",
        "predictions": [
            "verify_my_identity",
            "why_verify_identity"
        ]
    },
    {
        "id": 177,
        "text": "I tried to get cash out of the ATM but it is taking too long",
        "predictions": [
            "declined_cash_withdrawal",
            "pending_cash_withdrawal"
        ]
    },
    {
        "id": 178,
        "text": "I am a new customer, and I happened to look at my app and there is a charge I am not familiar with.  Could you tell me why the extra charge is there?",
        "predictions": [
            "card_payment_fee_charged",
            "extra_charge_on_statement",
            "transfer_fee_charged"
        ]
    },
    {
        "id": 179,
        "text": "Is a physical charge extra",
        "predictions": [
            "card_payment_fee_charged",
            "transfer_fee_charged"
        ]
    },
    {
        "id": 180,
        "text": "You accepts my card?",
        "predictions": [
            "card_acceptance",
            "supported_cards_and_currencies"
        ]
    },
    {
        "id": 181,
        "text": "how much does it cost to add money",
        "predictions": [
            "top_up_by_bank_transfer_charge",
            "top_up_by_card_charge"
        ]
    },
    {
        "id": 182,
        "text": "To add money to my account, what currencies can I use?",
        "predictions": [
            "fiat_currency_support",
            "supported_cards_and_currencies"
        ]
    },
    {
        "id": 183,
        "text": "Why are all my transfers failing?  I have the details right and they won't complete.  I've been trying all day and they still won't go through, this is URGENT, please help.",
        "predictions": [
            "declined_transfer",
            "failed_transfer"
        ]
    },
    {
        "id": 184,
        "text": "How long until my new card gets here?",
        "predictions": [
            "card_arrival",
            "card_delivery_estimate"
        ]
    },
    {
        "id": 185,
        "text": "The money is still in my account even though I already paid -- I don't understand what happened.",
        "predictions": [
            "balance_not_updated_after_cheque_or_cash_deposit",
            "pending_card_payment",
            "reverted_card_payment?"
        ]
    },
    {
        "id": 186,
        "text": "are you sending me my card?",
        "predictions": [
            "card_arrival",
            "card_delivery_estimate"
        ]
    },
    {
        "id": 187,
        "text": "Can I still use the app if I switched phones?",
        "predictions": [
            "edit_personal_details",
            "lost_or_stolen_phone"
        ]
    },
    {
        "id": 188,
        "text": "There is unexpected money in my account.",
        "predictions": [
            "balance_not_updated_after_cheque_or_cash_deposit",
            "cash_withdrawal_not_recognised"
        ]
    },
    {
        "id": 189,
        "text": "I need to know why a money transfer is available.",
        "predictions": [
            "beneficiary_not_allowed",
            "receiving_money",
            "transfer_into_account"
        ]
    },
    {
        "id": 190,
        "text": "I tried to transfer some money and it hasn't done it yet - what's going on?",
        "predictions": [
            "balance_not_updated_after_bank_transfer",
            "pending_transfer",
            "transfer_not_received_by_recipient"
        ]
    },
    {
        "id": 191,
        "text": "The card has suffered a security breach.",
        "predictions": [
            "card_not_working",
            "compromised_card",
            "lost_or_stolen_card"
        ]
    },
    {
        "id": 192,
        "text": "I tried to do a transfer but it didn't go through.",
        "predictions": [
            "declined_transfer",
            "failed_transfer"
        ]
    },
    {
        "id": 193,
        "text": "I'm not sure how to provide my identity.",
        "predictions": [
            "unable_to_verify_identity",
            "verify_my_identity"
        ]
    },
    {
        "id": 194,
        "text": "How can I top up my card with another card?",
        "predictions": [
            "supported_cards_and_currencies",
            "topping_up_by_card"
        ]
    },
    {
        "id": 195,
        "text": "Can I make online purchases with my card?",
        "predictions": [
            "card_acceptance",
            "get_disposable_virtual_card"
        ]
    },
    {
        "id": 196,
        "text": "I put some money in my account the other day but now its gone? Why is this?",
        "predictions": [
            "balance_not_updated_after_cheque_or_cash_deposit",
            "top_up_reverted"
        ]
    },
    {
        "id": 197,
        "text": "How long does it take to authorise a payment?",
        "predictions": [
            "card_delivery_estimate",
            "pending_card_payment"
        ]
    },
    {
        "id": 198,
        "text": "I can't find the money I just added to my account.",
        "predictions": [
            "pending_top_up",
            "top_up_failed",
            "top_up_reverted",
            "topping_up_by_card"
        ]
    },
    {
        "id": 199,
        "text": "Why did I get charged for something I bought online? Even though it was international, I thought it would be covered.",
        "predictions": [
            "card_payment_fee_charged",
            "transfer_fee_charged"
        ]
    },
    {
        "id": 200,
        "text": "I did a bank transfer to top up, but the money is not available.",
        "predictions": [
            "balance_not_updated_after_bank_transfer",
            "transfer_into_account"
        ]
    },
    {
        "id": 201,
        "text": "My wallet was taken and I see that someone is using my card!   Please help me!",
        "predictions": [
            "cash_withdrawal_not_recognised",
            "compromised_card"
        ]
    },
    {
        "id": 202,
        "text": "Why was my exchange rate a different amount than usual?",
        "predictions": [
            "card_payment_wrong_exchange_rate",
            "wrong_exchange_rate_for_cash_withdrawal"
        ]
    },
    {
        "id": 203,
        "text": "I changed the currency, but why is it costing more?",
        "predictions": [
            "card_payment_wrong_exchange_rate",
            "exchange_charge"
        ]
    },
    {
        "id": 204,
        "text": "Are you going to charge me to collect the money?",
        "predictions": [
            "card_payment_fee_charged",
            "cash_withdrawal_charge",
            "top_up_by_bank_transfer_charge"
        ]
    },
    {
        "id": 205,
        "text": "Are there any fees for top ups?",
        "predictions": [
            "top_up_by_bank_transfer_charge",
            "top_up_by_card_charge"
        ]
    },
    {
        "id": 206,
        "text": "Can I order a new card with the app?",
        "predictions": [
            "card_linking",
            "order_physical_card"
        ]
    },
    {
        "id": 207,
        "text": "I am concerned about the security in my account and would like to make a dispute.",
        "predictions": [
            "direct_debit_payment_not_recognised",
            "verify_source_of_funds"
        ]
    },
    {
        "id": 208,
        "text": "I got an unexpected charge on my transfers. How can I correct this?",
        "predictions": [
            "cancel_transfer",
            "transfer_fee_charged"
        ]
    }
]